Player Name,Year,Salary,Team,Retained/Bought/Unsold
Ravindra jadeja,2025,18 crore,Chennai Super Kings,Retained
Ruturaj Gaikwad,2025,18 crore,Chennai Super Kings,Retained
Matheesha Pathirana,2025,13 crore,Chennai Super Kings,Retained
Shivam dube,2025,12 crore,Chennai Super Kings,Retained
Noor Ahmad,2025,10 crore,Chennai Super Kings,Bought
Ravichandran ashwin,2025,9.75 crore,Chennai Super Kings,Bought
Devon Conway,2025,6.25 crore,Chennai Super Kings,Bought
Khaleel ahmed,2025,4.8 crore,Chennai Super Kings,Bought
Ms dhoni,2025,4 crore,Chennai Super Kings,Retained
Rachin Ravindra,2025,4 crore,Chennai Super Kings,Bought
Anshul Kamboj,2025,3.4 crore,Chennai Super Kings,Bought
Rahul tripathi,2025,3.4 crore,Chennai Super Kings,Bought
Sam Curran,2025,2.4 crore,Chennai Super Kings,Bought
Gurjapneet Singh,2025,2.2 crore,Chennai Super Kings,Bought
Nathan Ellis,2025,2 crore,Chennai Super Kings,Bought
Deepak hooda,2025,1.7 crore,Chennai Super Kings,Bought
Jamie Overton,2025,1.5 crore,Chennai Super Kings,Bought
Vijay shankar,2025,1.4 crore,Chennai Super Kings,Bought
Vansh Bedi,2025,0.55 crore,Chennai Super Kings,Bought
Andre Siddarth,2025,0.3 crore,Chennai Super Kings,Bought
Kamlesh Nagarkoti,2025,0.3 crore,Chennai Super Kings,Bought
Mukesh Choudhary,2025,0.3 crore,Chennai Super Kings,Bought
Ramakrishna Ghosh,2025,0.3 crore,Chennai Super Kings,Bought
Shaik Rasheed,2025,0.3 crore,Chennai Super Kings,Bought
Shreyas gopal,2025,0.3 crore,Chennai Super Kings,Bought
Ravindra jadeja,2024,16 crore,Chennai Super Kings,Retained
Daryl Mitchell,2024,14 crore,Chennai Super Kings,Bought
Deepak chahar,2024,14 crore,Chennai Super Kings,Retained
Ms dhoni,2024,12 crore,Chennai Super Kings,Retained
Moeen Ali,2024,8 crore,Chennai Super Kings,Retained
Ruturaj Gaikwad,2024,6 crore,Chennai Super Kings,Retained
Shivam dube,2024,6 crore,Chennai Super Kings,Bought
Shardul thakur,2024,4 crore,Chennai Super Kings,Bought
Mustafizur rahman,2024,2 crore,Chennai Super Kings,Bought
Mitchell santner,2024,1.9 crore,Chennai Super Kings,Retained
Rachin Ravindra,2024,1.8 crore,Chennai Super Kings,Bought
Rajvardhan Hangargekar,2024,1.5 crore,Chennai Super Kings,Retained
Devon Conway,2024,1 crore,Chennai Super Kings,Bought
Maheesh Theekshana,2024,0.7 crore,Chennai Super Kings,Retained
Ajinkya rahane,2024,0.5 crore,Chennai Super Kings,Retained
Ajay Mandal,2024,0.2 crore,Chennai Super Kings,Bought
Aravelly Avanish,2024,0.2 crore,Chennai Super Kings,Bought
Matheesha Pathirana,2024,0.2 crore,Chennai Super Kings,Retained
Mukesh Choudhary,2024,0.2 crore,Chennai Super Kings,Retained
Nishant Sindhu,2024,0.2 crore,Chennai Super Kings,Bought
Prashant Solanki,2024,0.2 crore,Chennai Super Kings,Bought
Sameer Rizvi,2024,0.2 crore,Chennai Super Kings,Bought
Shaik Rasheed,2024,0.2 crore,Chennai Super Kings,Retained
Simarjeet Singh,2024,0.2 crore,Chennai Super Kings,Bought
Tushar Deshpande,2024,0.2 crore,Chennai Super Kings,Retained
Ben stokes,2023,16.25 crore,Chennai Super Kings,Bought
Ravindra jadeja,2023,16 crore,Chennai Super Kings,Retained
Deepak chahar,2023,14 crore,Chennai Super Kings,Bought
Ms dhoni,2023,12 crore,Chennai Super Kings,Retained
Moeen Ali,2023,8 crore,Chennai Super Kings,Retained
Ambati rayudu,2023,6.75 crore,Chennai Super Kings,Retained
Ruturaj Gaikwad,2023,6 crore,Chennai Super Kings,Retained
Shivam dube,2023,4 crore,Chennai Super Kings,Retained
Mitchell santner,2023,1.9 crore,Chennai Super Kings,Retained
Rajvardhan Hangargekar,2023,1.5 crore,Chennai Super Kings,Bought
Devon Conway,2023,1 crore,Chennai Super Kings,Retained
Maheesh Theekshana,2023,0.7 crore,Chennai Super Kings,Retained
Ajinkya rahane,2023,0.5 crore,Chennai Super Kings,Bought
Sisonda Magala,2023,0.5 crore,Chennai Super Kings,Bought
Matheesha Pathirana,2023,0.2 crore,Chennai Super Kings,Bought
Pathum Kumara,2023,0.20 crore,Chennai Super Kings,Bought
Shaik Rasheed,2023,0.2 crore,Chennai Super Kings,Bought
Tushar Deshpande,2023,0.2 crore,Chennai Super Kings,Bought
Dwaine Pretorius,2023,0 crore,Chennai Super Kings,Bought
Ravindra jadeja,2022,16 crore,Chennai Super Kings,Retained
Deepak Chahar,2022,"?14,00,00,000 crore",Chennai Super Kings,Bought
Ms dhoni,2022,12 crore,Chennai Super Kings,Retained
Moeen Ali,2022,8 crore,Chennai Super Kings,Retained
Ambati rayudu,2022,6.75 crore,Chennai Super Kings,Bought
Ambati Rayudu,2022,"?6,75,00,000 crore",Chennai Super Kings,Bought
Ruturaj Gaikwad,2022,6 crore,Chennai Super Kings,Retained
Dwayne bravo,2022,4.4 crore,Chennai Super Kings,Bought
Dwayne Bravo,2022,"?4,40,00,000 crore",Chennai Super Kings,Bought
Shivam dube,2022,4 crore,Chennai Super Kings,Bought
Shivam Dube,2022,"?4,00,00,000 crore",Chennai Super Kings,Bought
Chris jordan,2022,3.6 crore,Chennai Super Kings,Bought
Chris Jordan,2022,"?3,60,00,000 crore",Chennai Super Kings,Bought
Robin uthappa,2022,2 crore,Chennai Super Kings,Retained
Robin Uthappa,2022,"?2,00,00,000 crore",Chennai Super Kings,Bought
Adam milne,2022,1.9 crore,Chennai Super Kings,Bought
Adam Milne,2022,"?1,90,00,000 crore",Chennai Super Kings,Bought
Mitchell santner,2022,1.9 crore,Chennai Super Kings,Bought
Mitchell Santner,2022,"?1,90,00,000 crore",Chennai Super Kings,Bought
Rajvardhan Hangargekar,2022,"?1,50,00,000 crore",Chennai Super Kings,Bought
Prashant Solanki,2022,"?1,20,00,000 crore",Chennai Super Kings,Bought
Devon Conway,2022,1 crore,Chennai Super Kings,Bought
Devon Conway,2022,"?1,00,00,000 crore",Chennai Super Kings,Bought
Maheesh Theekshana,2022,0.7 crore,Chennai Super Kings,Bought
Maheesh Theekshana,2022,"?70,00,000 crore",Chennai Super Kings,Bought
Dwaine Pretorius,2022,0.5 crore,Chennai Super Kings,Bought
C.Hari Nishaanth,2022,"?20,00,000 crore",Chennai Super Kings,Bought
K.Bhagath Varma,2022,"?20,00,000 crore",Chennai Super Kings,Bought
K.M. Asif,2022,"?20,00,000 crore",Chennai Super Kings,Bought
Mukesh Choudhary,2022,0.2 crore,Chennai Super Kings,Bought
N. Jagadeesan,2022,"?20,00,000 crore",Chennai Super Kings,Bought
Simarjeet Singh,2022,"?20,00,000 crore",Chennai Super Kings,Bought
Subhranshu Senapati,2022,"?20,00,000 crore",Chennai Super Kings,Bought
Tushar Deshpande,2022,0.2 crore,Chennai Super Kings,Bought
Ms dhoni,2021,15 crore,Chennai Super Kings,Retained
Deepak chahar,2021,14 crore,Chennai Super Kings,Bought
Krishnappa Gowtham,2021,"9,25,00,000 crore",Chennai Super Kings,Unsold
Moeen Ali,2021,7 crore,Chennai Super Kings,Bought
Ravindra jadeja,2021,7 crore,Chennai Super Kings,Retained
Dwayne bravo,2021,6.75 crore,Chennai Super Kings,Bought
Sam Curran,2021,5.5 crore,Chennai Super Kings,Retained
Shardul thakur,2021,2.6 crore,Chennai Super Kings,Retained
Ambati rayudu,2021,2.2 crore,Chennai Super Kings,Retained
Suresh Raina,2021,2 crore,Chennai Super Kings,Bought
Cheteshwar Pujara,2021,"50,00,000 crore",Chennai Super Kings,Unsold
C Hari Nishaanth,2021,"20,00,000 crore",Chennai Super Kings,Unsold
K.Bhagath Varma,2021,"20,00,000 crore",Chennai Super Kings,Unsold
M. Harisankar Reddy,2021,"20,00,000 crore",Chennai Super Kings,Unsold
Ruturaj Gaikwad,2021,0.2 crore,Chennai Super Kings,Retained
Faf du Plessis,2021,0 crore,Chennai Super Kings,Retained
Ms dhoni,2020,15 crore,Chennai Super Kings,Retained
Suresh Raina,2020,11 crore,Chennai Super Kings,Retained
Deepak chahar,2020,8 crore,Chennai Super Kings,Retained
Kedar jadhav,2020,7.8 crore,Chennai Super Kings,Retained
Ravindra jadeja,2020,7 crore,Chennai Super Kings,Retained
Piyush chawla,2020,6.75 crore,Chennai Super Kings,Bought
Dwayne bravo,2020,6.4 crore,Chennai Super Kings,Bought
Sam Curran,2020,5.5 crore,Chennai Super Kings,Bought
Karn sharma,2020,5 crore,Chennai Super Kings,Retained
Shane watson,2020,4 crore,Chennai Super Kings,Retained
Shardul thakur,2020,2.6 crore,Chennai Super Kings,Retained
Saurav Chauhan,2020,2.2 crore,Chennai Super Kings,Retained
Harbhajan singh,2020,2 crore,Chennai Super Kings,Retained
Josh Hazlewood,2020,2 crore,Chennai Super Kings,Bought
Murali vijay,2020,2 crore,Chennai Super Kings,Bought
Faf du Plessis,2020,1.6 crore,Chennai Super Kings,Retained
Imran Tahir,2020,1 crore,Chennai Super Kings,Retained
Andre Siddarth,2020,0.5 crore,Chennai Super Kings,Retained
Mitchell santner,2020,0.5 crore,Chennai Super Kings,Bought
Manvanth Kumar,2020,0.2 crore,Chennai Super Kings,Bought
Ruturaj Gaikwad,2020,0.2 crore,Chennai Super Kings,Bought
Sumit Kumar,2020,0.2 crore,Chennai Super Kings,Bought
Sushant Mishra,2020,0.2 crore,Chennai Super Kings,Bought
Shamar Joseph,2020,0 crore,Chennai Super Kings,Bought
Ms dhoni,2019,15 crore,Chennai Super Kings,Retained
Suresh Raina,2019,11.0 crore,Chennai Super Kings,Retained
Deepak chahar,2019,8 crore,Chennai Super Kings,Retained
Kedar jadhav,2019,7.8 crore,Chennai Super Kings,Retained
Ravindra jadeja,2019,7 crore,Chennai Super Kings,Retained
Dwayne bravo,2019,6.4 crore,Chennai Super Kings,Retained
Karn sharma,2019,5 crore,Chennai Super Kings,Retained
Mohit sharma,2019,5 crore,Chennai Super Kings,Bought
Shane watson,2019,4 crore,Chennai Super Kings,Retained
Shardul thakur,2019,2.6 crore,Chennai Super Kings,Retained
Ambati rayudu,2019,2.2 crore,Chennai Super Kings,Retained
Harbhajan singh,2019,2 crore,Chennai Super Kings,Retained
Murali vijay,2019,2 crore,Chennai Super Kings,Bought
Faf du Plessis,2019,1.6 crore,Chennai Super Kings,Retained
Imran Tahir,2019,1 crore,Chennai Super Kings,Bought
Sam billings,2019,1 crore,Chennai Super Kings,Retained
Mitchell santner,2019,0.5 crore,Chennai Super Kings,Bought
Scott kuggeleijn,2019,0.5 crore,Chennai Super Kings,Bought
Dhruv shorey,2019,0.2 crore,Chennai Super Kings,Retained
Ms dhoni,2018,15 crore,Chennai Super Kings,Retained
Suresh Raina,2018,11 crore,Chennai Super Kings,Retained
Deepak chahar,2018,8 crore,Chennai Super Kings,Bought
Kedar jadhav,2018,7.8 crore,Chennai Super Kings,Bought
Ravindra jadeja,2018,7 crore,Chennai Super Kings,Retained
Dwayne bravo,2018,6.4 crore,Chennai Super Kings,Retained
Karn sharma,2018,5 crore,Chennai Super Kings,Bought
Shane watson,2018,4 crore,Chennai Super Kings,Bought
Shardul thakur,2018,2.6 crore,Chennai Super Kings,Bought
Ambati rayudu,2018,2.2 crore,Chennai Super Kings,Bought
David willey,2018,2 crore,Chennai Super Kings,Bought
Harbhajan singh,2018,2 crore,Chennai Super Kings,Bought
Murali vijay,2018,2 crore,Chennai Super Kings,Bought
Faf du Plessis,2018,1.6 crore,Chennai Super Kings,Bought
Mark wood,2018,1.5 crore,Chennai Super Kings,Bought
Imran Tahir,2018,1 crore,Chennai Super Kings,Bought
Sam billings,2018,1 crore,Chennai Super Kings,Bought
Lungi Ngidi,2018,0.5 crore,Chennai Super Kings,Bought
Km asif,2018,0.4 crore,Chennai Super Kings,Bought
Dhruv shorey,2018,0.2 crore,Chennai Super Kings,Bought
Axar patel,2025,16.5 crore,Delhi Capitals,Retained
Lokesh rahul,2025,14 crore,Delhi Capitals,Bought
Kuldeep yadav,2025,13.25 crore,Delhi Capitals,Retained
Mitchell starc,2025,11.75 crore,Delhi Capitals,Bought
T natarajan,2025,10.75 crore,Delhi Capitals,Bought
Tristan Stubbs,2025,10 crore,Delhi Capitals,Retained
Jake Fraser-McGurk,2025,9 crore,Delhi Capitals,Bought
Mukesh Kumar,2025,8 crore,Delhi Capitals,Bought
Harry Brook,2025,6.25 crore,Delhi Capitals,Bought
Abishek Porel,2025,4 crore,Delhi Capitals,Retained
Ashutosh Sharma,2025,3.8 crore,Delhi Capitals,Bought
Mohit sharma,2025,2.2 crore,Delhi Capitals,Bought
Faf du Plessis,2025,2 crore,Delhi Capitals,Bought
Sameer Rizvi,2025,0.95 crore,Delhi Capitals,Bought
Donovan Ferreira,2025,0.75 crore,Delhi Capitals,Bought
Dushmantha Chameera,2025,0.75 crore,Delhi Capitals,Bought
Karun nair,2025,0.5 crore,Delhi Capitals,Bought
Vipraj Nigam,2025,0.5 crore,Delhi Capitals,Bought
Madhav Tiwari,2025,0.4 crore,Delhi Capitals,Bought
Ajay Mandal,2025,0.3 crore,Delhi Capitals,Bought
Darshan Nalkande,2025,0.3 crore,Delhi Capitals,Bought
Manvanth Kumar,2025,0.3 crore,Delhi Capitals,Bought
Tripurana Vijay,2025,0.3 crore,Delhi Capitals,Bought
Rishabh pant,2024,16 crore,Delhi Capitals,Retained
Prithvi shaw,2024,8 crore,Delhi Capitals,Retained
Mitchell marsh,2024,6.5 crore,Delhi Capitals,Retained
David warner,2024,6.25 crore,Delhi Capitals,Retained
Mukesh Kumar,2024,5.50 crore,Delhi Capitals,Bought
Khaleel ahmed,2024,5.2 crore,Delhi Capitals,Bought
Jhye Richardson,2024,5 crore,Delhi Capitals,Bought
Rasikh salam,2024,3 crore,Delhi Capitals,Bought
Kuldeep yadav,2024,2 crore,Delhi Capitals,Retained
Vicky Ostwal,2024,2.00 crore,Delhi Capitals,Bought
Abishek Porel,2024,1.0 crore,Delhi Capitals,Bought
Shai Hope,2024,0.75 crore,Delhi Capitals,Bought
AM Ghazanfar,2024,0.65 crore,Delhi Capitals,Retained
Ishant sharma,2024,0.5 crore,Delhi Capitals,Retained
Praveen dubey,2024,0.5 crore,Delhi Capitals,Retained
Yash Dhull,2024,0.5 crore,Delhi Capitals,Retained
Kumar Kushagra,2024,0.2 crore,Delhi Capitals,Bought
Ricky bhui,2024,0.2 crore,Delhi Capitals,Bought
Sumit Kumar,2024,0.2 crore,Delhi Capitals,Bought
Swastik Chikara,2024,0.2 crore,Delhi Capitals,Bought
Anrich Nortje,2024,0 crore,Delhi Capitals,Bought
Harry Brook,2024,0 crore,Delhi Capitals,Bought
Lungi Ngidi,2024,0 crore,Delhi Capitals,Bought
Axar patel,2023,9 crore,Delhi Capitals,Retained
Prithvi shaw,2023,8 crore,Delhi Capitals,Retained
Anrich Nortje,2023,6.5 crore,Delhi Capitals,Retained
Mitchell marsh,2023,6.5 crore,Delhi Capitals,Retained
David warner,2023,6.25 crore,Delhi Capitals,Bought
Mukesh Kumar,2023,5.5 crore,Delhi Capitals,Bought
Khaleel ahmed,2023,5.25 crore,Delhi Capitals,Bought
Rilee Rossouw,2023,4.6 crore,Delhi Capitals,Bought
Chetan Sakariya,2023,4.2 crore,Delhi Capitals,Retained
Rovman powell,2023,2.8 crore,Delhi Capitals,Retained
Manish pandey,2023,2.4 crore,Delhi Capitals,Bought
Kuldeep yadav,2023,2 crore,Delhi Capitals,Retained
Mustafizur rahman,2023,2 crore,Delhi Capitals,Retained
Phil Salt,2023,2 crore,Delhi Capitals,Bought
AM Ghazanfar,2023,0.65 crore,Delhi Capitals,Retained
Ishant sharma,2023,0.5 crore,Delhi Capitals,Bought
Praveen dubey,2023,0.5 crore,Delhi Capitals,Retained
Yash Dhull,2023,0.5 crore,Delhi Capitals,Bought
Abishek Porel,2023,0.20 crore,Delhi Capitals,Bought
Aman Hakim Khan,2023,0.2 crore,Delhi Capitals,Bought
Priyam Garg,2023,0.2 crore,Delhi Capitals,Bought
Ripal Patel,2023,0.2 crore,Delhi Capitals,Retained
Sarfaraz khan,2023,0.2 crore,Delhi Capitals,Retained
Rishabh pant,2022,16 crore,Delhi Capitals,Retained
Shardul thakur,2022,10.75 crore,Delhi Capitals,Bought
Shardul Thakur,2022,"?10,75,00,000 crore",Delhi Capitals,Bought
Axar patel,2022,9 crore,Delhi Capitals,Retained
Prithvi shaw,2022,7.5 crore,Delhi Capitals,Retained
Anrich Nortje,2022,6.5 crore,Delhi Capitals,Retained
Mitchell Marsh,2022,"?6,50,00,000 crore",Delhi Capitals,Bought
David warner,2022,6.25 crore,Delhi Capitals,Bought
David Warner,2022,"?6,25,00,000 crore",Delhi Capitals,Bought
Khaleel ahmed,2022,5.25 crore,Delhi Capitals,Bought
Syed Khaleel Ahmed,2022,"?5,25,00,000 crore",Delhi Capitals,Bought
Chetan Sakariya,2022,4.2 crore,Delhi Capitals,Bought
Rovman powell,2022,2.8 crore,Delhi Capitals,Bought
Rovman Powell,2022,"?2,80,00,000 crore",Delhi Capitals,Bought
K.S. Bharat,2022,"?2,00,00,000 crore",Delhi Capitals,Bought
Kuldeep yadav,2022,2 crore,Delhi Capitals,Bought
Kuldeep Yadav,2022,"?2,00,00,000 crore",Delhi Capitals,Bought
Mustafizur rahman,2022,2 crore,Delhi Capitals,Bought
Mustafizur Rahman,2022,"?2,00,00,000 crore",Delhi Capitals,Bought
Kamlesh Nagarkoti,2022,1.1 crore,Delhi Capitals,Bought
Mandeep singh,2022,1.1 crore,Delhi Capitals,Bought
Mandeep Singh,2022,"?1,10,00,000 crore",Delhi Capitals,Bought
AM Ghazanfar,2022,0.65 crore,Delhi Capitals,Retained
Lalit Yadav,2022,"?65,00,000 crore",Delhi Capitals,Bought
Lungisani Ngidi,2022,"?50,00,000 crore",Delhi Capitals,Bought
Praveen dubey,2022,0.5 crore,Delhi Capitals,Bought
Pravin Dubey,2022,"?50,00,000 crore",Delhi Capitals,Bought
Tim Seifert,2022,0.5 crore,Delhi Capitals,Bought
Tim Seifert,2022,"?50,00,000 crore",Delhi Capitals,Bought
Yash Dhull,2022,"?50,00,000 crore",Delhi Capitals,Bought
Ashwin Hebbar,2022,"?20,00,000 crore",Delhi Capitals,Bought
Ripal Patel,2022,"?20,00,000 crore",Delhi Capitals,Bought
Sarfaraz khan,2022,0.2 crore,Delhi Capitals,Bought
Sarfaraz Khan,2022,"?20,00,000 crore",Delhi Capitals,Bought
Vicky Ostwal,2022,"?20,00,000 crore",Delhi Capitals,Bought
Rishabh pant,2021,16 crore,Delhi Capitals,Retained
Shimron hetmyer,2021,7.75 crore,Delhi Capitals,Bought
Ravichandran ashwin,2021,7.6 crore,Delhi Capitals,Retained
Shreyas iyer,2021,7 crore,Delhi Capitals,Retained
Tom curran,2021,5.25 crore,Delhi Capitals,Bought
Tom Curran,2021,"5,25,00,000 crore",Delhi Capitals,Unsold
Shikhar dhawan,2021,5.2 crore,Delhi Capitals,Retained
Marcus Stoinis,2021,4.8 crore,Delhi Capitals,Bought
Steven Smith,2021,"2,20,00,000 crore",Delhi Capitals,Unsold
Amit mishra,2021,2 crore,Delhi Capitals,Retained
Sam Billings,2021,"2,00,00,000 crore",Delhi Capitals,Unsold
Chris woakes,2021,1.5 crore,Delhi Capitals,Bought
Prithvi shaw,2021,1.20 crore,Delhi Capitals,Retained
Umesh Yadav,2021,"1,00,00,000 crore",Delhi Capitals,Unsold
Avesh khan,2021,0.7 crore,Delhi Capitals,Retained
Anrich Nortje,2021,0.5 crore,Delhi Capitals,Bought
Lukman Hussain Meriwala,2021,"20,00,000 crore",Delhi Capitals,Unsold
M Siddharth,2021,"20,00,000 crore",Delhi Capitals,Unsold
Praveen dubey,2021,0.2 crore,Delhi Capitals,Bought
Ripal Patel,2021,"20,00,000 crore",Delhi Capitals,Unsold
Vishnu Vinod,2021,"20,00,000 crore",Delhi Capitals,Unsold
Ajinkya rahane,2021,0 crore,Delhi Capitals,Retained
Rishabh pant,2020,8 crore,Delhi Capitals,Retained
Aamer Jamal,2020,7.75 crore,Delhi Capitals,Bought
Ravichandran ashwin,2020,7.6 crore,Delhi Capitals,Bought
Shreyas iyer,2020,7 crore,Delhi Capitals,Retained
Ajinkya rahane,2020,5.25 crore,Delhi Capitals,Bought
Shikhar dhawan,2020,5.2 crore,Delhi Capitals,Bought
Ashok Sharma,2020,5 crore,Delhi Capitals,Retained
Marcus Stoinis,2020,4.8 crore,Delhi Capitals,Bought
Kagiso Rabada,2020,4.2 crore,Delhi Capitals,Retained
Amit mishra,2020,4 crore,Delhi Capitals,Retained
Alex Carey,2020,2.4 crore,Delhi Capitals,Bought
Chris woakes,2020,1.5 crore,Delhi Capitals,Bought
Jason Roy,2020,1.5 crore,Delhi Capitals,Bought
Prithvi shaw,2020,1.2 crore,Delhi Capitals,Retained
Ishant sharma,2020,1.1 crore,Delhi Capitals,Retained
Avesh khan,2020,0.7 crore,Delhi Capitals,Retained
Anrich Nortje,2020,0.5 crore,Delhi Capitals,Bought
Keemo Paul,2020,0.5 crore,Delhi Capitals,Retained
Mohit sharma,2020,0.5 crore,Delhi Capitals,Bought
AM Ghazanfar,2020,0.2 crore,Delhi Capitals,Bought
Harshal patel,2020,0.2 crore,Delhi Capitals,Bought
Sandeep lamichhane,2020,0.2 crore,Delhi Capitals,Retained
Tushar Deshpande,2020,0.2 crore,Delhi Capitals,Bought
Sandeep lamichhane,2019,20 crore,Delhi Capitals,Bought
Chris morris,2019,11 crore,Delhi Capitals,Bought
Rishabh pant,2019,8 crore,Delhi Capitals,Retained
Shreyas iyer,2019,7 crore,Delhi Capitals,Retained
Colin Ingram,2019,6.4 crore,Delhi Capitals,Bought
Shikhar dhawan,2019,5.2 crore,Delhi Capitals,Bought
Axar patel,2019,5 crore,Delhi Capitals,Bought
Kagiso Rabada,2019,4.2 crore,Delhi Capitals,Retained
Amit mishra,2019,4 crore,Delhi Capitals,Retained
Rahul tewatia,2019,3 crore,Delhi Capitals,Bought
Hanuma vihari,2019,2 crore,Delhi Capitals,Bought
Sherfane rutherford,2019,2 crore,Delhi Capitals,Bought
Colin munro,2019,1.9 crore,Delhi Capitals,Bought
Prithvi shaw,2019,1.2 crore,Delhi Capitals,Retained
Ishant sharma,2019,1.1 crore,Delhi Capitals,Bought
Avesh khan,2019,0.7 crore,Delhi Capitals,Bought
Keemo Paul,2019,0.5 crore,Delhi Capitals,Bought
Harshal patel,2019,0.2 crore,Delhi Capitals,Bought
Jagadeesha suchith,2019,0.2 crore,Delhi Capitals,Bought
Trent boult,2019,0 crore,Delhi Capitals,Retained
Rashid Khan,2025,18 crore,Gujarat Titans,Retained
Shubman gill,2025,16 crore,Gujarat Titans,Retained
Jos Buttler,2025,15.75 crore,Gujarat Titans,Bought
Mohammed siraj,2025,12.25 crore,Gujarat Titans,Bought
Kagiso Rabada,2025,10.75 crore,Gujarat Titans,Bought
Prasidh krishna,2025,9.5 crore,Gujarat Titans,Bought
Sai Sudharsan,2025,8.5 crore,Gujarat Titans,Retained
Rahul tewatia,2025,4 crore,Gujarat Titans,Retained
Shahrukh Khan,2025,4 crore,Gujarat Titans,Retained
Washington sundar,2025,3.2 crore,Gujarat Titans,Bought
Sherfane rutherford,2025,2.6 crore,Gujarat Titans,Bought
Gerald Coetzee,2025,2.4 crore,Gujarat Titans,Bought
Glenn Phillips,2025,2 crore,Gujarat Titans,Bought
Sai Kishore,2025,2 crore,Gujarat Titans,Bought
Mahipal lomror,2025,1.7 crore,Gujarat Titans,Bought
Gurnoor Singh Brar,2025,1.3 crore,Gujarat Titans,Bought
Mohd. Arshad Khan,2025,1.3 crore,Gujarat Titans,Bought
Ishant sharma,2025,0.75 crore,Gujarat Titans,Bought
Jayant yadav,2025,0.75 crore,Gujarat Titans,Bought
Karim Janat,2025,0.75 crore,Gujarat Titans,Bought
Kumar Kushagra,2025,0.65 crore,Gujarat Titans,Bought
Anuj Rawat,2025,0.3 crore,Gujarat Titans,Bought
Manav Suthar,2025,0.3 crore,Gujarat Titans,Bought
Nishant Sindhu,2025,0.3 crore,Gujarat Titans,Bought
Spencer Johnson,2024,10 crore,Gujarat Titans,Bought
Rahul tewatia,2024,9 crore,Gujarat Titans,Retained
Shubman gill,2024,8 crore,Gujarat Titans,Retained
Shahrukh Khan,2024,7.4 crore,Gujarat Titans,Bought
Mohammad shami,2024,6.25 crore,Gujarat Titans,Retained
Umesh yadav,2024,5.8 crore,Gujarat Titans,Bought
Josh Little,2024,4.4 crore,Gujarat Titans,Retained
Azmatullah Omarzai,2024,3 crore,Gujarat Titans,Bought
David Miller,2024,3 crore,Gujarat Titans,Retained
Sai Kishore,2024,3 crore,Gujarat Titans,Bought
Abhinav Manohar,2024,2.6 crore,Gujarat Titans,Retained
Sai Sudharsan,2024,2.6 crore,Gujarat Titans,Retained
Matthew wade,2024,2.4 crore,Gujarat Titans,Retained
Kane williamson,2024,2 crore,Gujarat Titans,Retained
Wriddhiman saha,2024,1.9 crore,Gujarat Titans,Retained
Jayant yadav,2024,1.7 crore,Gujarat Titans,Retained
Kartik Tyagi,2024,1.5 crore,Gujarat Titans,Bought
Vijay shankar,2024,"1
1.4 crore",Gujarat Titans,Retained
Robin Minz,2024,0.75 crore,Gujarat Titans,Bought
Mohit sharma,2024,0.5 crore,Gujarat Titans,Retained
Christopher King,2024,0.2 crore,Gujarat Titans,Retained
Sushant Mishra,2024,0.2 crore,Gujarat Titans,Bought
Hardik pandya,2023,15 crore,Gujarat Titans,Retained
Rashid Khan,2023,15 crore,Gujarat Titans,Retained
Rahul tewatia,2023,9 crore,Gujarat Titans,Retained
Shubman gill,2023,8 crore,Gujarat Titans,Retained
Mohammad shami,2023,6.25 crore,Gujarat Titans,Retained
Shivam mavi,2023,6 crore,Gujarat Titans,Bought
Yash Dayal,2023,3.2 crore,Gujarat Titans,Bought
David Miller,2023,3 crore,Gujarat Titans,Retained
Abhinav Manohar,2023,2.6 crore,Gujarat Titans,Bought
Sai Sudharsan,2023,2.6 crore,Gujarat Titans,Bought
Alzarri joseph,2023,2.4 crore,Gujarat Titans,Retained
Matthew wade,2023,2.4 crore,Gujarat Titans,Retained
Kane williamson,2023,2 crore,Gujarat Titans,Bought
Wriddhiman saha,2023,1.9 crore,Gujarat Titans,Retained
Jayant yadav,2023,1.7 crore,Gujarat Titans,Bought
Vijay shankar,2023,1.4 crore,Gujarat Titans,Bought
Srikar Bharat,2023,1.2 crore,Gujarat Titans,Bought
Joshua Little,2023,0.5 crore,Gujarat Titans,Bought
Mohit sharma,2023,0.5 crore,Gujarat Titans,Bought
Varun aaron,2023,0.5 crore,Gujarat Titans,Retained
Noor Ahmad,2023,0.3 crore,Gujarat Titans,Bought
Dasun Shanaka,2023,0 crore,Gujarat Titans,Bought
Hardik pandya,2022,15 crore,Gujarat Titans,Bought
Rashid Khan,2022,15 crore,Gujarat Titans,Retained
Lockie ferguson,2022,10 crore,Gujarat Titans,Bought
Lockie Ferguson,2022,"?10,00,00,000 crore",Gujarat Titans,Bought
Rahul tewatia,2022,9 crore,Gujarat Titans,Bought
Rahul Tewatia,2022,"?9,00,00,000 crore",Gujarat Titans,Bought
Shubman gill,2022,8 crore,Gujarat Titans,Bought
Mohammad shami,2022,6.25 crore,Gujarat Titans,Bought
Mohammad Shami,2022,"?6,25,00,000 crore",Gujarat Titans,Bought
Yash Dayal,2022,"?3,20,00,000 crore",Gujarat Titans,Bought
David Miller,2022,3 crore,Gujarat Titans,Bought
R. Sai Kishore,2022,"?3,00,00,000 crore",Gujarat Titans,Bought
Abhinav Manohar,2022,2.6 crore,Gujarat Titans,Bought
Abhinav Sadarangani,2022,"?2,60,00,000 crore",Gujarat Titans,Bought
Alzarri Joseph,2022,"?2,40,00,000 crore",Gujarat Titans,Bought
Matthew wade,2022,2.4 crore,Gujarat Titans,Bought
Matthew Wade,2022,"?2,40,00,000 crore",Gujarat Titans,Bought
Jason Roy,2022,"?2,00,00,000 crore",Gujarat Titans,Bought
Wriddhiman saha,2022,1.9 crore,Gujarat Titans,Bought
Wriddhiman Saha,2022,"?1,90,00,000 crore",Gujarat Titans,Bought
Jayant Yadav,2022,"?1,70,00,000 crore",Gujarat Titans,Bought
Rahmanullah Gurbaz,2022,1.5 crore,Gujarat Titans,Bought
Vijay shankar,2022,1.4 crore,Gujarat Titans,Bought
Vijay Shankar,2022,"?1,40,00,000 crore",Gujarat Titans,Bought
Dominic Drakes,2022,"?1,10,00,000 crore",Gujarat Titans,Bought
Gurkeerat Singh,2022,"?50,00,000 crore",Gujarat Titans,Bought
Varun aaron,2022,0.5 crore,Gujarat Titans,Bought
Varun Aaron,2022,"?50,00,000 crore",Gujarat Titans,Bought
Noor Ahmad,2022,"?30,00,000 crore",Gujarat Titans,Bought
B. Sai Sudharsan,2022,"?20,00,000 crore",Gujarat Titans,Bought
Christopher King,2022,0.2 crore,Gujarat Titans,Bought
Darshan Nalkande,2022,"?20,00,000 crore",Gujarat Titans,Bought
Pradeep Sangwan,2022,"?20,00,000 crore",Gujarat Titans,Bought
Sai Sudharsan,2022,0.2 crore,Gujarat Titans,Bought
Venkatesh Iyer,2025,23.75 crore,Kolkata Knight Riders,Bought
Rinku singh,2025,13 crore,Kolkata Knight Riders,Retained
Andre russell,2025,12 crore,Kolkata Knight Riders,Retained
Sunil narine,2025,12 crore,Kolkata Knight Riders,Retained
Varun chakravarthy,2025,12 crore,Kolkata Knight Riders,Retained
Anrich Nortje,2025,6.5 crore,Kolkata Knight Riders,Bought
Harshit Rana,2025,4 crore,Kolkata Knight Riders,Retained
Ramandeep Singh,2025,4 crore,Kolkata Knight Riders,Retained
Quinton de Kock,2025,3.6 crore,Kolkata Knight Riders,Bought
Angkrish Raghuvanshi,2025,3 crore,Kolkata Knight Riders,Bought
Spencer Johnson,2025,2.8 crore,Kolkata Knight Riders,Bought
Moeen Ali,2025,2 crore,Kolkata Knight Riders,Bought
Rahmanullah Gurbaz,2025,2 crore,Kolkata Knight Riders,Bought
Vaibhav Arora,2025,1.8 crore,Kolkata Knight Riders,Bought
Ajinkya rahane,2025,1.5 crore,Kolkata Knight Riders,Bought
Rovman powell,2025,1.5 crore,Kolkata Knight Riders,Bought
Mayank markande,2025,0.3 crore,Kolkata Knight Riders,Bought
Mitchell starc,2024,25 crore,Kolkata Knight Riders,Bought
Shreyas iyer,2024,12.25 crore,Kolkata Knight Riders,Retained
Andre russell,2024,12 crore,Kolkata Knight Riders,Retained
Nitish rana,2024,8 crore,Kolkata Knight Riders,Retained
Varun chakravarthy,2024,8 crore,Kolkata Knight Riders,Retained
Venkatesh Iyer,2024,8 crore,Kolkata Knight Riders,Retained
Gus Atkinson,2024,7.2 crore,Kolkata Knight Riders,Bought
Sunil narine,2024,6 crore,Kolkata Knight Riders,Retained
Ramandeep Singh,2024,4 crore,Kolkata Knight Riders,Bought
Srikar Bharat,2024,3 crore,Kolkata Knight Riders,Bought
Vaibhav Arora,2024,2.6 crore,Kolkata Knight Riders,Bought
Phil Salt,2024,1.5 crore,Kolkata Knight Riders,Bought
Rahmanullah Gurbaz,2024,1.5 crore,Kolkata Knight Riders,Retained
Suyash Sharma,2024,1.2 crore,Kolkata Knight Riders,Bought
Rinku singh,2024,0.55 crore,Kolkata Knight Riders,Retained
Chetan Sakariya,2024,0.5 crore,Kolkata Knight Riders,Bought
Dushmantha Chameera,2024,0.5 crore,Kolkata Knight Riders,Bought
Manish pandey,2024,0.2 crore,Kolkata Knight Riders,Bought
Anukul roy,2024,0.3 crore,Kolkata Knight Riders,Bought
Angkrish Raghuvanshi,2024,0.2 crore,Kolkata Knight Riders,Bought
Harshit Rana,2024,0.2 crore,Kolkata Knight Riders,Retained
Sakib Hussain,2024,0.2 crore,Kolkata Knight Riders,Bought
Jason Roy,2024,0 crore,Kolkata Knight Riders,Bought
Mujeeb Ur Rahman,2024,0 crore,Kolkata Knight Riders,Bought
Sherfane rutherford,2024,0 crore,Kolkata Knight Riders,Bought
Andre russell,2023,12 crore,Kolkata Knight Riders,Retained
Shardul thakur,2023,10.75 crore,Kolkata Knight Riders,Bought
Lockie ferguson,2023,10 crore,Kolkata Knight Riders,Bought
Nitish rana,2023,8 crore,Kolkata Knight Riders,Retained
Varun chakravarthy,2023,8 crore,Kolkata Knight Riders,Retained
Venkatesh Iyer,2023,8 crore,Kolkata Knight Riders,Retained
Sunil narine,2023,6 crore,Kolkata Knight Riders,Retained
Jason Roy,2023,2.8 crore,Kolkata Knight Riders,Bought
Umesh yadav,2023,2 crore,Kolkata Knight Riders,Retained
Rahmanullah Gurbaz,2023,1.5 crore,Kolkata Knight Riders,Bought
Tim southee,2023,1.5 crore,Kolkata Knight Riders,Retained
David Wiese,2023,1.00 crore,Kolkata Knight Riders,Bought
Narayan Jagadeesan,2023,0.9 crore,Kolkata Knight Riders,Bought
Vaibhav Arora,2023,0.6 crore,Kolkata Knight Riders,Bought
Rinku singh,2023,0.55 crore,Kolkata Knight Riders,Retained
Litton Das,2023,0.5 crore,Kolkata Knight Riders,Bought
Mandeep singh,2023,0.5 crore,Kolkata Knight Riders,Bought
Anukul roy,2023,0.2 crore,Kolkata Knight Riders,Retained
Harshit Rana,2023,0.2 crore,Kolkata Knight Riders,Retained
Kulwant khejroliya,2023,0.2 crore,Kolkata Knight Riders,Bought
Suyash Sharma,2023,0.2 crore,Kolkata Knight Riders,Bought
Shreyas iyer,2022,12.25 crore,Kolkata Knight Riders,Bought
Shreyas Iyer,2022,"?12,25,00,000 crore",Kolkata Knight Riders,Bought
Andre russell,2022,12 crore,Kolkata Knight Riders,Retained
Nitish rana,2022,8 crore,Kolkata Knight Riders,Bought
Nitish Rana,2022,"?8,00,00,000 crore",Kolkata Knight Riders,Bought
Varun chakravarthy,2022,8 crore,Kolkata Knight Riders,Retained
Venkatesh Iyer,2022,8 crore,Kolkata Knight Riders,Retained
Pat Cummins,2022,"?7,25,00,000 crore",Kolkata Knight Riders,Bought
Patrick cummins,2022,7.25 crore,Kolkata Knight Riders,Bought
Shivam mavi,2022,7.25 crore,Kolkata Knight Riders,Bought
Shivam Mavi,2022,"?7,25,00,000 crore",Kolkata Knight Riders,Bought
Sunil narine,2022,6 crore,Kolkata Knight Riders,Retained
Sam billings,2022,2 crore,Kolkata Knight Riders,Bought
Sam Billings,2022,"?2,00,00,000 crore",Kolkata Knight Riders,Bought
Umesh yadav,2022,2 crore,Kolkata Knight Riders,Bought
Umesh Yadav,2022,"?2,00,00,000 crore",Kolkata Knight Riders,Bought
Aaron Finch,2022,1.5 crore,Kolkata Knight Riders,Bought
Alex Hales,2022,"?1,50,00,000 crore",Kolkata Knight Riders,Bought
Tim southee,2022,1.5 crore,Kolkata Knight Riders,Bought
Tim Southee,2022,"?1,50,00,000 crore",Kolkata Knight Riders,Bought
Ajinkya rahane,2022,1 crore,Kolkata Knight Riders,Bought
Ajinkya Rahane,2022,"?1,00,00,000 crore",Kolkata Knight Riders,Bought
Mohammad Nabi,2022,"?1,00,00,000 crore",Kolkata Knight Riders,Bought
Sheldon jackson,2022,0.6 crore,Kolkata Knight Riders,Bought
Sheldon Jackson,2022,"?60,00,000 crore",Kolkata Knight Riders,Bought
Ashok Sharma,2022,"?55,00,000 crore",Kolkata Knight Riders,Bought
Rinku singh,2022,0.55 crore,Kolkata Knight Riders,Bought
Rinku Singh,2022,"?55,00,000 crore",Kolkata Knight Riders,Bought
Chamika Karunaratne,2022,"?50,00,000 crore",Kolkata Knight Riders,Bought
Abhijeet Tomar,2022,"?40,00,000 crore",Kolkata Knight Riders,Bought
Aman Khan,2022,"?20,00,000 crore",Kolkata Knight Riders,Bought
Anukul Roy,2022,"?20,00,000 crore",Kolkata Knight Riders,Bought
Baba Indrajith,2022,"?20,00,000 crore",Kolkata Knight Riders,Bought
Pratham Singh,2022,"?20,00,000 crore",Kolkata Knight Riders,Bought
Ramesh Kumar,2022,"?20,00,000 crore",Kolkata Knight Riders,Bought
Rasikh Dar,2022,"?20,00,000 crore",Kolkata Knight Riders,Bought
Rasikh salam,2022,0.2 crore,Kolkata Knight Riders,Bought
Patrick cummins,2021,15.5 crore,Kolkata Knight Riders,Retained
Andre russell,2021,8.5 crore,Kolkata Knight Riders,Retained
Dinesh karthik,2021,7.4 crore,Kolkata Knight Riders,Retained
Eoin morgan,2021,5.25 crore,Kolkata Knight Riders,Retained
Varun chakravarthy,2021,4 crore,Kolkata Knight Riders,Retained
Nitish rana,2021,3.4 crore,Kolkata Knight Riders,Retained
Shakib al hasan,2021,3.2 crore,Kolkata Knight Riders,Bought
Shakib Al Hasan,2021,"3,20,00,000 crore",Kolkata Knight Riders,Unsold
Harbhajan singh,2021,2 crore,Kolkata Knight Riders,Bought
Harbhajan Singh,2021,"2,00,00,000 crore",Kolkata Knight Riders,Unsold
Shubman gill,2021,1.8 crore,Kolkata Knight Riders,Retained
Ben Cutting,2021,"75,00,000 crore",Kolkata Knight Riders,Unsold
Rahul tripathi,2021,0.6 crore,Kolkata Knight Riders,Bought
Karun Nair,2021,"50,00,000 crore",Kolkata Knight Riders,Unsold
Pawan Negi,2021,"50,00,000 crore",Kolkata Knight Riders,Unsold
Prasidh krishna,2021,0.2 crore,Kolkata Knight Riders,Bought
Sheldon Jackson,2021,"20,00,000 crore",Kolkata Knight Riders,Unsold
Vaibhav Arora,2021,"20,00,000 crore",Kolkata Knight Riders,Unsold
Venkatesh Iyer,2021,"20,00,000 crore",Kolkata Knight Riders,Unsold
Patrick cummins,2020,15.5 crore,Kolkata Knight Riders,Bought
Sunil narine,2020,12.5 crore,Kolkata Knight Riders,Retained
Andre russell,2020,8.5 crore,Kolkata Knight Riders,Retained
Kuldeep yadav,2020,5.8 crore,Kolkata Knight Riders,Retained
Dinesh karthik,2020,5.4 crore,Kolkata Knight Riders,Retained
Eoin morgan,2020,5.25 crore,Kolkata Knight Riders,Bought
Varun chakravarthy,2020,4 crore,Kolkata Knight Riders,Bought
Nitish rana,2020,3.4 crore,Kolkata Knight Riders,Retained
Kamlesh Nagarkoti,2020,3.2 crore,Kolkata Knight Riders,Retained
Shivam mavi,2020,3 crore,Kolkata Knight Riders,Bought
Joshua Tromp,2020,1.8 crore,Kolkata Knight Riders,Retained
Lockie ferguson,2020,1.6 crore,Kolkata Knight Riders,Bought
Tom Banton,2020,1 crore,Kolkata Knight Riders,Bought
Rinku singh,2020,0.8 crore,Kolkata Knight Riders,Retained
Harry gurney,2020,0.75 crore,Kolkata Knight Riders,Bought
Rahul tripathi,2020,0.6 crore,Kolkata Knight Riders,Bought
Chris Green,2020,0.2 crore,Kolkata Knight Riders,Bought
Keaton Jennings,2020,0.2 crore,Kolkata Knight Riders,Bought
Luvnith Sisodia,2020,0.2 crore,Kolkata Knight Riders,Bought
Pravin tambe,2020,0.2 crore,Kolkata Knight Riders,Bought
Sandeep warrier,2020,0.2 crore,Kolkata Knight Riders,Bought
Siddhesh lad,2020,0.2 crore,Kolkata Knight Riders,Bought
Prasidh krishna,2020,0 crore,Kolkata Knight Riders,Retained
Sunil narine,2019,12.5 crore,Kolkata Knight Riders,Retained
Chris lynn,2019,9.6 crore,Kolkata Knight Riders,Bought
Andre russell,2019,8.5 crore,Kolkata Knight Riders,Retained
Dinesh karthik,2019,7.4 crore,Kolkata Knight Riders,Retained
Robin uthappa,2019,6.4 crore,Kolkata Knight Riders,Retained
Kuldeep yadav,2019,5.8 crore,Kolkata Knight Riders,Retained
Carlos brathwaite,2019,5 crore,Kolkata Knight Riders,Bought
Piyush chawla,2019,4.2 crore,Kolkata Knight Riders,Retained
Nitish rana,2019,3.4 crore,Kolkata Knight Riders,Retained
Shubman gill,2019,1.8 crore,Kolkata Knight Riders,Retained
Lockie ferguson,2019,1.6 crore,Kolkata Knight Riders,Bought
Joe denly,2019,1 crore,Kolkata Knight Riders,Bought
Rinku singh,2019,0.8 crore,Kolkata Knight Riders,Bought
Harry gurney,2019,0.75 crore,Kolkata Knight Riders,Bought
Kc cariappa,2019,0.2 crore,Kolkata Knight Riders,Bought
Nikhil naik,2019,0.2 crore,Kolkata Knight Riders,Bought
Prasidh krishna,2019,0.2 crore,Kolkata Knight Riders,Retained
Prithvi raj,2019,0.2 crore,Kolkata Knight Riders,Bought
Sandeep warrier,2019,0.2 crore,Kolkata Knight Riders,Bought
Chris lynn,2018,9.6 crore,Kolkata Knight Riders,Bought
Andre russell,2018,8.5 crore,Kolkata Knight Riders,Retained
Sunil narine,2018,8.5 crore,Kolkata Knight Riders,Retained
Dinesh karthik,2018,7.4 crore,Kolkata Knight Riders,Bought
Robin uthappa,2018,6.4 crore,Kolkata Knight Riders,Retained
Kuldeep yadav,2018,5.8 crore,Kolkata Knight Riders,Retained
Piyush chawla,2018,4.2 crore,Kolkata Knight Riders,Retained
Nitish rana,2018,3.4 crore,Kolkata Knight Riders,Bought
Shivam mavi,2018,3 crore,Kolkata Knight Riders,Bought
Mitchell johnson,2018,2 crore,Kolkata Knight Riders,Bought
Shubman gill,2018,1.8 crore,Kolkata Knight Riders,Bought
Tom curran,2018,1 crore,Kolkata Knight Riders,Bought
Vinay kumar,2018,1 crore,Kolkata Knight Riders,Bought
Rinku singh,2018,0.8 crore,Kolkata Knight Riders,Bought
Javon searles,2018,0.3 crore,Kolkata Knight Riders,Bought
Prasidh krishna,2018,0.2 crore,Kolkata Knight Riders,Bought
Rishabh pant,2025,27 crore,Lucknow Supergiants,Bought
Nicholas Pooran,2025,21 crore,Lucknow Supergiants,Retained
Mayank Yadav,2025,11 crore,Lucknow Supergiants,Retained
Ravi Bishnoi,2025,11 crore,Lucknow Supergiants,Retained
Avesh khan,2025,9.75 crore,Lucknow Supergiants,Bought
David Miller,2025,7.5 crore,Lucknow Supergiants,Bought
Abdul Samad,2025,4.2 crore,Lucknow Supergiants,Bought
Ayush Badoni,2025,4 crore,Lucknow Supergiants,Retained
Mitchell marsh,2025,3.4 crore,Lucknow Supergiants,Bought
Aiden Markram,2025,2 crore,Lucknow Supergiants,Bought
Aryan Juyal,2025,0.3 crore,Lucknow Supergiants,Bought
Lokesh rahul,2024,17 crore,Lucknow Supergiants,Retained
Marcus Stoinis,2024,9.2 crore,Lucknow Supergiants,Retained
Krunal pandya,2024,8.25 crore,Lucknow Supergiants,Retained
Devdutt Padikkal,2024,7.75 crore,Lucknow Supergiants,Bought
Mark wood,2024,7.5 crore,Lucknow Supergiants,Bought
Quinton de Kock,2024,6.75 crore,Lucknow Supergiants,Retained
Deepak hooda,2024,5.75 crore,Lucknow Supergiants,Retained
Shamar Joseph,2024,4.4 crore,Lucknow Supergiants,Bought
Ravi Bishnoi,2024,4 crore,Lucknow Supergiants,Retained
Shivam mavi,2024,2.00 crore,Lucknow Supergiants,Bought
Ashton turner,2024,1 crore,Lucknow Supergiants,Bought
Krishnappa gowtham,2024,0.9 crore,Lucknow Supergiants,Retained
Amit mishra,2024,0.5 crore,Lucknow Supergiants,Retained
Kyle Mayers,2024,0.5 crore,Lucknow Supergiants,Bought
Naveen-ul-Haq,2024,0.5 crore,Lucknow Supergiants,Retained
Yash Thakur,2024,0.45 crore,Lucknow Supergiants,Retained
Arshad Khan,2024,0.2 crore,Lucknow Supergiants,Bought
Arshin Kulkarni,2024,0.2 crore,Lucknow Supergiants,Bought
Ayush Badoni,2024,0.2 crore,Lucknow Supergiants,Retained
Manimaran Siddharth,2024,0.2 crore,Lucknow Supergiants,Bought
Mayank Yadav,2024,0.2 crore,Lucknow Supergiants,Retained
Prerak Mankad,2024,0.2 crore,Lucknow Supergiants,Retained
Yudhvir Singh,2024,0.2 crore,Lucknow Supergiants,Retained
David willey,2024,0 crore,Lucknow Supergiants,Bought
Karan Sharma,2023,50 crore,Lucknow Supergiants,Bought
Lokesh rahul,2023,17 crore,Lucknow Supergiants,Retained
Nicholas Pooran,2023,16 crore,Lucknow Supergiants,Bought
Avesh khan,2023,10 crore,Lucknow Supergiants,Retained
Marcus Stoinis,2023,9.2 crore,Lucknow Supergiants,Retained
Krunal pandya,2023,8.25 crore,Lucknow Supergiants,Retained
Mark wood,2023,7.5 crore,Lucknow Supergiants,Bought
Quinton de Kock,2023,6.75 crore,Lucknow Supergiants,Retained
Deepak hooda,2023,5.75 crore,Lucknow Supergiants,Retained
Ravi Bishnoi,2023,4 crore,Lucknow Supergiants,Retained
Krishnappa gowtham,2023,0.9 crore,Lucknow Supergiants,Retained
Amit mishra,2023,0.5 crore,Lucknow Supergiants,Bought
Jaydev unadkat,2023,0.5 crore,Lucknow Supergiants,Bought
Kyle Mayers,2023,0.5 crore,Lucknow Supergiants,Bought
Naveen-ul-Haq,2023,0.5 crore,Lucknow Supergiants,Bought
Romario Shepherd,2023,0.5 crore,Lucknow Supergiants,Bought
Yash Thakur,2023,0.45 crore,Lucknow Supergiants,Bought
Ayush Badoni,2023,0.2 crore,Lucknow Supergiants,Retained
Manan vohra,2023,0.20 crore,Lucknow Supergiants,Bought
Prerak Mankad,2023,0.2 crore,Lucknow Supergiants,Bought
Sameer Rizvi,2023,0.20 crore,Lucknow Supergiants,Retained
Swapnil singh,2023,0.2 crore,Lucknow Supergiants,Bought
Yudhvir Singh,2023,0.2 crore,Lucknow Supergiants,Bought
Daniel Sams,2023,0 crore,Lucknow Supergiants,Bought
Lokesh rahul,2022,17 crore,Lucknow Supergiants,Bought
Avesh khan,2022,10 crore,Lucknow Supergiants,Bought
Avesh Khan,2022,"?10,00,00,000 crore",Lucknow Supergiants,Bought
Marcus Stoinis,2022,9.2 crore,Lucknow Supergiants,Bought
Jason holder,2022,8.75 crore,Lucknow Supergiants,Bought
Jason Holder,2022,"?8,75,00,000 crore",Lucknow Supergiants,Bought
Krunal pandya,2022,8.25 crore,Lucknow Supergiants,Bought
Krunal Pandya,2022,"?8,25,00,000 crore",Lucknow Supergiants,Bought
Mark Wood,2022,"?7,50,00,000 crore",Lucknow Supergiants,Bought
Quinton de Kock,2022,6.75 crore,Lucknow Supergiants,Bought
Quinton De Kock,2022,"?6,75,00,000 crore",Lucknow Supergiants,Bought
Deepak hooda,2022,5.75 crore,Lucknow Supergiants,Bought
Deepak Hooda,2022,"?5,75,00,000 crore",Lucknow Supergiants,Bought
Manish pandey,2022,4.6 crore,Lucknow Supergiants,Bought
Manish Pandey,2022,"?4,60,00,000 crore",Lucknow Supergiants,Bought
Ravi Bishnoi,2022,4 crore,Lucknow Supergiants,Bought
Dushmanta Chameera,2022,"?2,00,00,000 crore",Lucknow Supergiants,Bought
Dushmantha Chameera,2022,2 crore,Lucknow Supergiants,Bought
Evin lewis,2022,2 crore,Lucknow Supergiants,Bought
Evin Lewis,2022,"?2,00,00,000 crore",Lucknow Supergiants,Bought
Andrew tye,2022,1 crore,Lucknow Supergiants,Bought
K. Gowtham,2022,"?90,00,000 crore",Lucknow Supergiants,Bought
Krishnappa gowtham,2022,0.9 crore,Lucknow Supergiants,Bought
Ankit Singh Rajpoot,2022,"?50,00,000 crore",Lucknow Supergiants,Bought
Kyle Mayers,2022,"?50,00,000 crore",Lucknow Supergiants,Bought
Shahbaz Nadeem,2022,"?50,00,000 crore",Lucknow Supergiants,Bought
Ayush Badoni,2022,0.2 crore,Lucknow Supergiants,Bought
Karan Sharma,2022,"?20,00,000 crore",Lucknow Supergiants,Bought
Manan Vohra,2022,"?20,00,000 crore",Lucknow Supergiants,Bought
Mayank Yadav,2022,"?20,00,000 crore",Lucknow Supergiants,Bought
Mohsin Khan,2022,"?20,00,000 crore",Lucknow Supergiants,Bought
Sameer Rizvi,2022,0.2 crore,Lucknow Supergiants,Bought
Jasprit bumrah,2025,18 crore,Mumbai Indians,Retained
Hardik pandya,2025,16.35 crore,Mumbai Indians,Retained
Rohit sharma,2025,16.3 crore,Mumbai Indians,Retained
Suryakumar yadav,2025,16.35 crore,Mumbai Indians,Retained
Trent boult,2025,12.5 crore,Mumbai Indians,Bought
Deepak chahar,2025,9.5 crore,Mumbai Indians,Bought
Tilak Varma,2025,8 crore,Mumbai Indians,Retained
Naman Dhir,2025,5.25 crore,Mumbai Indians,Bought
Will Jacks,2025,5.25 crore,Mumbai Indians,Bought
Mitchell santner,2025,2 crore,Mumbai Indians,Bought
Reece Topley,2025,0.75 crore,Mumbai Indians,Bought
Robin Minz,2025,0.65 crore,Mumbai Indians,Bought
Karan Sharma,2025,0.5 crore,Mumbai Indians,Bought
Rohit sharma,2024,16 crore,Mumbai Indians,Retained
Ishan kishan,2024,15.25 crore,Mumbai Indians,Retained
Hardik pandya,2024,15 crore,Mumbai Indians,Bought
Jasprit bumrah,2024,12 crore,Mumbai Indians,Retained
Tim David,2024,8.25 crore,Mumbai Indians,Retained
Suryakumar yadav,2024,8 crore,Mumbai Indians,Retained
Nuwan Thushara,2024,4.8 crore,Mumbai Indians,Bought
Dewald Brevis,2024,3 crore,Mumbai Indians,Retained
Tilak Varma,2024,1.7 crore,Mumbai Indians,Retained
Mohammad nabi,2024,1.5 crore,Mumbai Indians,Bought
Shams Mulani,2024,1.5 crore,Mumbai Indians,Bought
Piyush chawla,2024,0.5 crore,Mumbai Indians,Retained
Romario Shepherd,2024,0.5 crore,Mumbai Indians,Bought
Arjun Tendulkar,2024,0.3 crore,Mumbai Indians,Retained
Naman Dhir,2024,0.3 crore,Mumbai Indians,Bought
Akash Madhwal,2024,0.2 crore,Mumbai Indians,Retained
Anshul Kamboj,2024,0.2 crore,Mumbai Indians,Bought
Kumar Kartikeya,2024,0.2 crore,Mumbai Indians,Retained
Nehal Wadhera,2024,0.2 crore,Mumbai Indians,Retained
Shivalik Sharma,2024,0.2 crore,Mumbai Indians,Bought
Shreyas gopal,2024,0.2 crore,Mumbai Indians,Bought
Vishnu vinod,2024,0.2 crore,Mumbai Indians,Retained
Dilshan Madushanka,2024,0 crore,Mumbai Indians,Bought
Jason behrendorff,2024,0 crore,Mumbai Indians,Bought
Arjun Tendulkar,2023,30 crore,Mumbai Indians,Bought
Cameron Green,2023,17.5 crore,Mumbai Indians,Bought
Rohit sharma,2023,16 crore,Mumbai Indians,Retained
Ishan kishan,2023,15.25 crore,Mumbai Indians,Retained
Tim David,2023,8.25 crore,Mumbai Indians,Retained
Jofra Archer,2023,8 crore,Mumbai Indians,Retained
Suryakumar yadav,2023,8 crore,Mumbai Indians,Retained
Dewald Brevis,2023,3 crore,Mumbai Indians,Retained
Chris jordan,2023,2 crore,Mumbai Indians,Bought
Tilak Varma,2023,1.70 crore,Mumbai Indians,Retained
Jason behrendorff,2023,1.50 crore,Mumbai Indians,Bought
Jhye Richardson,2023,1.5 crore,Mumbai Indians,Bought
Riley Meredith,2023,1.5 crore,Mumbai Indians,Bought
Piyush chawla,2023,0.5 crore,Mumbai Indians,Bought
Arshad Khan,2023,0.2 crore,Mumbai Indians,Retained
Duan Jansen,2023,0.2 crore,Mumbai Indians,Bought
Hrithik Shokeen,2023,0.2 crore,Mumbai Indians,Retained
Kumar Kartikeya,2023,0.2 crore,Mumbai Indians,Bought
Nehal Wadhera,2023,0.2 crore,Mumbai Indians,Bought
Raghav Goyal,2023,0.2 crore,Mumbai Indians,Bought
Ramandeep Singh,2023,0.2 crore,Mumbai Indians,Retained
Tristan Stubbs,2023,0.2 crore,Mumbai Indians,Bought
Vishnu vinod,2023,0.2 crore,Mumbai Indians,Bought
Akash Mandwaal,2023,0 crore,Mumbai Indians,Bought
Rohit sharma,2022,16 crore,Mumbai Indians,Retained
Ishan kishan,2022,15.25 crore,Mumbai Indians,Bought
Ishan Kishan,2022,"?15,25,00,000 crore",Mumbai Indians,Bought
Jasprit bumrah,2022,12 crore,Mumbai Indians,Retained
Tim David,2022,8.25 crore,Mumbai Indians,Bought
Tim David,2022,"?8,25,00,000 crore",Mumbai Indians,Bought
Jofra Archer,2022,"?8,00,00,000 crore",Mumbai Indians,Bought
Suryakumar yadav,2022,8 crore,Mumbai Indians,Retained
Kieron Pollard,2022,6 crore,Mumbai Indians,Retained
Dewald Brevis,2022,3 crore,Mumbai Indians,Bought
Daniel Sams,2022,2.6 crore,Mumbai Indians,Bought
Daniel Sams,2022,"?2,60,00,000 crore",Mumbai Indians,Bought
N. Tilak Varma,2022,"?1,70,00,000 crore",Mumbai Indians,Bought
Tilak Varma,2022,1.7 crore,Mumbai Indians,Bought
Murugan ashwin,2022,1.6 crore,Mumbai Indians,Bought
Murugan Ashwin,2022,"?1,60,00,000 crore",Mumbai Indians,Bought
Tymal mills,2022,1.5 crore,Mumbai Indians,Bought
Tymal Mills,2022,"?1,50,00,000 crore",Mumbai Indians,Bought
Jaydev unadkat,2022,1.3 crore,Mumbai Indians,Bought
Jaydev Unadkat,2022,"?1,30,00,000 crore",Mumbai Indians,Bought
Riley Meredith,2022,"?1,00,00,000 crore",Mumbai Indians,Bought
Fabian Allen,2022,"?75,00,000 crore",Mumbai Indians,Bought
Mayank Markande,2022,"?65,00,000 crore",Mumbai Indians,Bought
Sanjay Yadav,2022,"?50,00,000 crore",Mumbai Indians,Bought
Arjun Tendulkar,2022,"?30,00,000 crore",Mumbai Indians,Bought
Basil thampi,2022,0.3 crore,Mumbai Indians,Bought
Basil Thampi,2022,"?30,00,000 crore",Mumbai Indians,Bought
Anmolpreet singh,2022,0.2 crore,Mumbai Indians,Bought
Anmolpreet Singh,2022,"?20,00,000 crore",Mumbai Indians,Bought
Arshad Khan,2022,0.2 crore,Mumbai Indians,Bought
Aryan Juyal,2022,"?20,00,000 crore",Mumbai Indians,Bought
Hrithik Shokeen,2022,"?20,00,000 crore",Mumbai Indians,Bought
Mohd. Arshad Khan,2022,"?20,00,000 crore",Mumbai Indians,Bought
Rahul Buddhi,2022,"?20,00,000 crore",Mumbai Indians,Bought
Ramandeep Singh,2022,0.2 crore,Mumbai Indians,Bought
Ramandeep Singh,2022,"?20,00,000 crore",Mumbai Indians,Bought
Rohit sharma,2021,15 crore,Mumbai Indians,Retained
Hardik pandya,2021,11 crore,Mumbai Indians,Retained
Krunal pandya,2021,8.8 crore,Mumbai Indians,Retained
Jasprit bumrah,2021,7 crore,Mumbai Indians,Retained
Ishan kishan,2021,6.2 crore,Mumbai Indians,Bought
Kieron Pollard,2021,5.4 crore,Mumbai Indians,Retained
Nathan Coulter-Nile,2021,"5,00,00,000 crore",Mumbai Indians,Unsold
Adam Milne,2021,"3,20,00,000 crore",Mumbai Indians,Unsold
Suryakumar yadav,2021,2.8 crore,Mumbai Indians,Retained
Piyush Chawla,2021,"2,40,00,000 crore",Mumbai Indians,Unsold
Trent boult,2021,2.2 crore,Mumbai Indians,Retained
Chris lynn,2021,2 crore,Mumbai Indians,Bought
Rahul chahar,2021,1.9 crore,Mumbai Indians,Bought
James Neesham,2021,"50,00,000 crore",Mumbai Indians,Unsold
Arjun Tendulkar,2021,"20,00,000 crore",Mumbai Indians,Unsold
Marco Jansen,2021,0.2 crore,Mumbai Indians,Bought
Yudhvir Charak,2021,"20,00,000 crore",Mumbai Indians,Unsold
Rohit sharma,2020,15 crore,Mumbai Indians,Retained
Krunal pandya,2020,8.8 crore,Mumbai Indians,Retained
Nathan coulter nile,2020,8 crore,Mumbai Indians,Bought
Jasprit bumrah,2020,7 crore,Mumbai Indians,Retained
Ishan kishan,2020,6.2 crore,Mumbai Indians,Retained
Kieron Pollard,2020,5.4 crore,Mumbai Indians,Bought
Trent boult,2020,3.2 crore,Mumbai Indians,Bought
Quinton de Kock,2020,2.8 crore,Mumbai Indians,Bought
Suryakumar yadav,2020,2.2 crore,Mumbai Indians,Retained
Chris lynn,2020,2 crore,Mumbai Indians,Bought
Naman Dhir,2020,2 crore,Mumbai Indians,Bought
Rahul chahar,2020,1.9 crore,Mumbai Indians,Retained
Mitchell mcclenaghan,2020,1 crore,Mumbai Indians,Retained
Anmolpreet singh,2020,0.8 crore,Mumbai Indians,Bought
Dhawal kulkarni,2020,0.75 crore,Mumbai Indians,Bought
Jayant yadav,2020,0.5 crore,Mumbai Indians,Bought
Saurabh tiwary,2020,0.5 crore,Mumbai Indians,Bought
Aditya tare,2020,0.2 crore,Mumbai Indians,Bought
Anshul Kamboj,2020,0.2 crore,Mumbai Indians,Bought
Mohammed Shami,2020,0.2 crore,Mumbai Indians,Bought
Sameer Rizvi,2020,0.2 crore,Mumbai Indians,Bought
Hardik pandya,2020,0 crore,Mumbai Indians,Retained
Lasith malinga,2020,0 crore,Mumbai Indians,Bought
Sherfane rutherford,2020,0 crore,Mumbai Indians,Bought
Rohit sharma,2019,15 crore,Mumbai Indians,Retained
Hardik pandya,2019,11 crore,Mumbai Indians,Retained
Krunal pandya,2019,8.8 crore,Mumbai Indians,Retained
Jasprit bumrah,2019,7 crore,Mumbai Indians,Retained
Ishan kishan,2019,6.2 crore,Mumbai Indians,Retained
Kieron Pollard,2019,5.40 crore,Mumbai Indians,Retained
Evin lewis,2019,3.8 crore,Mumbai Indians,Retained
Brainder sran,2019,3.4 crore,Mumbai Indians,Bought
Suryakumar yadav,2019,3.2 crore,Mumbai Indians,Retained
Quinton de Kock,2019,2.8 crore,Mumbai Indians,Bought
Ben cutting,2019,2.2 crore,Mumbai Indians,Bought
Lasith malinga,2019,2 crore,Mumbai Indians,Bought
Rahul chahar,2019,1.9 crore,Mumbai Indians,Bought
Jason behrendorff,2019,1.5 crore,Mumbai Indians,Bought
Mayank markande,2019,1.5 crore,Mumbai Indians,Bought
Mitchell mcclenaghan,2019,1 crore,Mumbai Indians,Retained
Yuvraj singh,2019,1 crore,Mumbai Indians,Bought
Anmolpreet singh,2019,0.8 crore,Mumbai Indians,Bought
Alzarri joseph,2019,0.75 crore,Mumbai Indians,Bought
Anukul roy,2019,0.2 crore,Mumbai Indians,Bought
Siddhesh lad,2019,0.2 crore,Mumbai Indians,Bought
Rasikh salam,2019,0.02 crore,Mumbai Indians,Bought
Jayant yadav,2019,0 crore,Mumbai Indians,Bought
Rohit sharma,2018,15 crore,Mumbai Indians,Retained
Hardik pandya,2018,11 crore,Mumbai Indians,Retained
Krunal pandya,2018,8.8 crore,Mumbai Indians,Bought
Jasprit bumrah,2018,7 crore,Mumbai Indians,Retained
Ishan kishan,2018,6.2 crore,Mumbai Indians,Bought
Kieron Pollard,2018,5.4 crore,Mumbai Indians,Retained
Evin lewis,2018,3.8 crore,Mumbai Indians,Bought
Suryakumar yadav,2018,3.2 crore,Mumbai Indians,Bought
Ben cutting,2018,2.2 crore,Mumbai Indians,Bought
Mustafizur rahman,2018,2.2 crore,Mumbai Indians,Bought
Rahul chahar,2018,1.9 crore,Mumbai Indians,Bought
Pradeep sangwan,2018,1.5 crore,Mumbai Indians,Bought
Jean paul duminy,2018,1 crore,Mumbai Indians,Bought
Mitchell mcclenaghan,2018,1 crore,Mumbai Indians,Bought
Akila dananjaya,2018,0.5 crore,Mumbai Indians,Bought
Aditya tare,2018,0.2 crore,Mumbai Indians,Bought
Mayank markande,2018,0.2 crore,Mumbai Indians,Bought
Shreyas iyer,2025,26.75 crore,Punjab Kings,Bought
Arshdeep singh,2025,18 crore,Punjab Kings,Bought
Yuzvendra chahal,2025,18 crore,Punjab Kings,Bought
Marcus Stoinis,2025,11 crore,Punjab Kings,Bought
Marco Jansen,2025,7 crore,Punjab Kings,Bought
Malsha Tharupathi,2025,5.5 crore,Punjab Kings,Retained
Glenn maxwell,2025,4.2 crore,Punjab Kings,Bought
Nehal Wadhera,2025,4.2 crore,Punjab Kings,Bought
Simran singh,2025,4 crore,Punjab Kings,Retained
Lockie ferguson,2025,2 crore,Punjab Kings,Bought
Vijaykumar Vyshak,2025,1.8 crore,Punjab Kings,Bought
Yash Thakur,2025,1.6 crore,Punjab Kings,Bought
Harpreet brar,2025,1.5 crore,Punjab Kings,Bought
Vishnu vinod,2025,0.95 crore,Punjab Kings,Bought
Sam Curran,2024,18.5 crore,Punjab Kings,Retained
Harshal patel,2024,11.75 crore,Punjab Kings,Retained
Liam Livingstone,2024,11.5 crore,Punjab Kings,Retained
Shikhar dhawan,2024,8.25 crore,Punjab Kings,Retained
Rilee Rossouw,2024,8 crore,Punjab Kings,Bought
Vishwanath Singh,2024,7.8 crore,Punjab Kings,Bought
Jonny bairstow,2024,6.75 crore,Punjab Kings,Bought
Rahul chahar,2024,5.25 crore,Punjab Kings,Retained
Vidwath Kaverappa,2024,5.0 crore,Punjab Kings,Bought
Chris woakes,2024,4.2 crore,Punjab Kings,Bought
Arshdeep singh,2024,4 crore,Punjab Kings,Retained
Harpreet brar,2024,3.8 crore,Punjab Kings,Retained
Jitesh Sharma,2024,2.2 crore,Punjab Kings,Retained
Sikandar Raza,2024,1.5 crore,Punjab Kings,Bought
Nathan Ellis,2024,0.75 crore,Punjab Kings,Retained
Simran singh,2024,0.6 crore,Punjab Kings,Retained
Rishi dhawan,2024,0.55 crore,Punjab Kings,Retained
Ashutosh Sharma,2024,0.2 crore,Punjab Kings,Bought
Atharva Taide,2024,0.2 crore,Punjab Kings,Retained
Harpreet singh,2024,0.2 crore,Punjab Kings,Retained
Malsha Tharupathi,2024,0.2 crore,Punjab Kings,Bought
Prince Choudhary,2024,0.2 crore,Punjab Kings,Bought
Shivam Singh,2024,0.2 crore,Punjab Kings,Bought
Tanay Thyagarajan,2024,0.2 crore,Punjab Kings,Bought
Jitesh Sharma,2023,20 crore,Punjab Kings,Retained
Sam Curran,2023,18.5 crore,Punjab Kings,Bought
Liam Livingstone,2023,11.5 crore,Punjab Kings,Retained
Kagiso Rabada,2023,9.25 crore,Punjab Kings,Retained
Shahrukh Khan,2023,9 crore,Punjab Kings,Retained
Shikhar dhawan,2023,8.25 crore,Punjab Kings,Retained
Rahul chahar,2023,5.25 crore,Punjab Kings,Retained
Arshdeep singh,2023,4 crore,Punjab Kings,Retained
Harpreet brar,2023,3.8 crore,Punjab Kings,Retained
Nathan Ellis,2023,0.75 crore,Punjab Kings,Bought
Simran singh,2023,0.6 crore,Punjab Kings,Bought
Rishi dhawan,2023,0.55 crore,Punjab Kings,Bought
Bhanuka Rajapaksa,2023,0.5 crore,Punjab Kings,Bought
Sikandar Raza,2023,0.5 crore,Punjab Kings,Bought
Atharva Taide,2023,0.2 crore,Punjab Kings,Bought
Gurnoor Brar,2023,0.2 crore,Punjab Kings,Bought
Harpreet singh,2023,0.2 crore,Punjab Kings,Bought
Mohit Rathee,2023,0.2 crore,Punjab Kings,Bought
Matthew Short,2023,0 crore,Punjab Kings,Bought
Mayank agarwal,2022,12 crore,Punjab Kings,Retained
Liam Livingstone,2022,11.5 crore,Punjab Kings,Bought
Kagiso Rabada,2022,"?9,25,00,000 crore",Punjab Kings,Bought
Shahrukh Khan,2022,9 crore,Punjab Kings,Retained
Shikhar dhawan,2022,8.25 crore,Punjab Kings,Bought
Shikhar Dhawan,2022,"?8,25,00,000 crore",Punjab Kings,Bought
Jonny Bairstow,2022,"?6,75,00,000 crore",Punjab Kings,Bought
Odean Smith,2022,6 crore,Punjab Kings,Bought
Odean Smith,2022,"?6,00,00,000 crore",Punjab Kings,Bought
Rahul chahar,2022,5.25 crore,Punjab Kings,Bought
Rahul Chahar,2022,"?5,25,00,000 crore",Punjab Kings,Bought
Arshdeep singh,2022,4 crore,Punjab Kings,Retained
Harpreet brar,2022,3.8 crore,Punjab Kings,Bought
Harpreet Brar,2022,"?3,80,00,000 crore",Punjab Kings,Bought
Raj Angad Bawa,2022,"?2,00,00,000 crore",Punjab Kings,Bought
RajBawa,2022,2 crore,Punjab Kings,Bought
Vaibhav Arora,2022,"?2,00,00,000 crore",Punjab Kings,Bought
Nathan Ellis,2022,"?75,00,000 crore",Punjab Kings,Bought
Prabhsimran Singh,2022,"?60,00,000 crore",Punjab Kings,Bought
Simran singh,2022,0.6 crore,Punjab Kings,Retained
Rishi Dhawan,2022,"?55,00,000 crore",Punjab Kings,Bought
Bhanuka Rajapaksa,2022,0.5 crore,Punjab Kings,Bought
Sandeep sharma,2022,0.5 crore,Punjab Kings,Bought
Sandeep Sharma,2022,"?50,00,000 crore",Punjab Kings,Bought
Benny Howell,2022,"?40,00,000 crore",Punjab Kings,Bought
Ishan Porel,2022,"?25,00,000 crore",Punjab Kings,Bought
Ansh Patel,2022,"?20,00,000 crore",Punjab Kings,Bought
Atharva Taide,2022,"?20,00,000 crore",Punjab Kings,Bought
Baltej Dhanda,2022,"?20,00,000 crore",Punjab Kings,Bought
Jitesh Sharma,2022,"?20,00,000 crore",Punjab Kings,Bought
Prerak Mankad,2022,"?20,00,000 crore",Punjab Kings,Bought
Writtick Chatterjee,2022,"?20,00,000 crore",Punjab Kings,Bought
Jhye Richardson,2021,"14,00,00,000 crore",Punjab Kings,Unsold
Riley Meredith,2021,"8,00,00,000 crore",Punjab Kings,Unsold
Shahrukh Khan,2021,"5,25,00,000 crore",Punjab Kings,Unsold
Moises Henriques,2021,"4,20,00,000 crore",Punjab Kings,Unsold
Dawid Malan,2021,"1,50,00,000 crore",Punjab Kings,Unsold
Mayank agarwal,2021,1 crore,Punjab Kings,Retained
Fabian Allen,2021,"75,00,000 crore",Punjab Kings,Unsold
Jalaj Saxena,2021,"30,00,000 crore",Punjab Kings,Unsold
Saurabh Kumar,2021,"20,00,000 crore",Punjab Kings,Unsold
Utkarsh Singh,2021,"20,00,000 crore",Punjab Kings,Unsold
Sanju samson,2025,18 crore,Rajasthan Royals,Retained
Yashasvi Jaiswal,2025,18 crore,Rajasthan Royals,Retained
Dhruv Jurel,2025,14 crore,Rajasthan Royals,Retained
Riyan parag,2025,14 crore,Rajasthan Royals,Retained
Jofra Archer,2025,12.5 crore,Rajasthan Royals,Bought
Shimron hetmyer,2025,11 crore,Rajasthan Royals,Retained
Tushar Deshpande,2025,6.5 crore,Rajasthan Royals,Bought
Wanindu Hasaranga,2025,5.25 crore,Rajasthan Royals,Bought
Maheesh Theekshana,2025,4.4 crore,Rajasthan Royals,Bought
Nitish rana,2025,4.2 crore,Rajasthan Royals,Bought
Sandeep sharma,2025,4 crore,Rajasthan Royals,Retained
Akash Madhwal,2025,1.2 crore,Rajasthan Royals,Bought
Vaibhav Suryavanshi,2025,1.1 crore,Rajasthan Royals,Bought
Kumar Kartikeya,2025,0.3 crore,Rajasthan Royals,Bought
Sanju samson,2024,14 crore,Rajasthan Royals,Retained
Avesh khan,2024,10 crore,Rajasthan Royals,Bought
Jos Buttler,2024,10 crore,Rajasthan Royals,Retained
Shimron hetmyer,2024,8.5 crore,Rajasthan Royals,Retained
Prasidh krishna,2024,8 crore,Rajasthan Royals,Bought
Trent boult,2024,8 crore,Rajasthan Royals,Retained
Rovman powell,2024,"7
7.4 crore",Rajasthan Royals,Bought
Yuzvendra chahal,2024,6.5 crore,Rajasthan Royals,Retained
Ravichandran ashwin,2024,5 crore,Rajasthan Royals,Retained
Yashasvi Jaiswal,2024,4 crore,Rajasthan Royals,Retained
Riyan parag,2024,3.8 crore,Rajasthan Royals,Retained
Navdeep saini,2024,2 crore,Rajasthan Royals,Retained
Sandeep sharma,2024,2 crore,Rajasthan Royals,Bought
Adam zampa,2024,1.5 crore,Rajasthan Royals,Retained
Nandre Burger,2024,0.5 crore,Rajasthan Royals,Bought
Tom Kohler-Cadmore,2024,0.4 crore,Rajasthan Royals,Bought
Abid Mushtaq,2024,0.2 crore,Rajasthan Royals,Bought
Dhruv Jurel,2024,0.2 crore,Rajasthan Royals,Retained
Kuldeep Sen,2024,0.2 crore,Rajasthan Royals,Retained
Kunal Singh Rathore,2024,0.2 crore,Rajasthan Royals,Bought
Shubham Dubey,2024,0.2 crore,Rajasthan Royals,Bought
Kuldeep Sen,2023,20 crore,Rajasthan Royals,Retained
Sanju samson,2023,14 crore,Rajasthan Royals,Retained
Jos Buttler,2023,10 crore,Rajasthan Royals,Retained
Shimron hetmyer,2023,8.5 crore,Rajasthan Royals,Retained
Trent boult,2023,8 crore,Rajasthan Royals,Bought
Devdutt Padikkal,2023,7.75 crore,Rajasthan Royals,Retained
Yuzvendra chahal,2023,6.5 crore,Rajasthan Royals,Retained
Jason holder,2023,5.75 crore,Rajasthan Royals,Bought
Ravichandran ashwin,2023,5 crore,Rajasthan Royals,Retained
Yashasvi Jaiswal,2023,4.00 crore,Rajasthan Royals,Retained
Riyan parag,2023,3.8 crore,Rajasthan Royals,Retained
Navdeep saini,2023,2 crore,Rajasthan Royals,Bought
Adam zampa,2023,1.5 crore,Rajasthan Royals,Bought
Joe Root,2023,1 crore,Rajasthan Royals,Bought
Obed McCoy,2023,1 crore,Rajasthan Royals,Bought
Sandeep sharma,2023,0.5 crore,Rajasthan Royals,Bought
Km asif,2023,0.3 crore,Rajasthan Royals,Bought
Abdul Basith,2023,0.2 crore,Rajasthan Royals,Bought
Dhruv Jurel,2023,0.2 crore,Rajasthan Royals,Bought
Kuldip Yadav,2023,0.2 crore,Rajasthan Royals,Bought
Murugan ashwin,2023,0.2 crore,Rajasthan Royals,Bought
Sanju samson,2022,14 crore,Rajasthan Royals,Retained
Jos Buttler,2022,10 crore,Rajasthan Royals,Retained
Prasidh krishna,2022,10 crore,Rajasthan Royals,Bought
Prasidh Krishna,2022,"?10,00,00,000 crore",Rajasthan Royals,Bought
Shimron hetmyer,2022,8.5 crore,Rajasthan Royals,Bought
Shimron Hetmyer,2022,"?8,50,00,000 crore",Rajasthan Royals,Bought
Trent boult,2022,8 crore,Rajasthan Royals,Bought
Trent Boult,2022,"?8,00,00,000 crore",Rajasthan Royals,Bought
Devdutt Padikkal,2022,7.75 crore,Rajasthan Royals,Bought
Yuzvendra chahal,2022,6.5 crore,Rajasthan Royals,Bought
Yuzvendra Chahal,2022,"?6,50,00,000 crore",Rajasthan Royals,Bought
R. Ashwin,2022,"?5,00,00,000 crore",Rajasthan Royals,Bought
Ravichandran ashwin,2022,5 crore,Rajasthan Royals,Bought
Yashasvi Jaiswal,2022,4 crore,Rajasthan Royals,Retained
Riyan parag,2022,3.8 crore,Rajasthan Royals,Bought
Riyan Parag,2022,"?3,80,00,000 crore",Rajasthan Royals,Bought
Navdeep saini,2022,2.6 crore,Rajasthan Royals,Bought
Navdeep Saini,2022,"?2,60,00,000 crore",Rajasthan Royals,Bought
Nathan coulter nile,2022,2 crore,Rajasthan Royals,Bought
Nathan Coulter-Nile,2022,"?2,00,00,000 crore",Rajasthan Royals,Bought
James Neesham,2022,"?1,50,00,000 crore",Rajasthan Royals,Bought
Karun Nair,2022,"?1,40,00,000 crore",Rajasthan Royals,Bought
Rassie van der Dussen,2022,1 crore,Rajasthan Royals,Bought
Rassie Van Der Dussen,2022,"?1,00,00,000 crore",Rajasthan Royals,Bought
Daryl Mitchell,2022,"?75,00,000 crore",Rajasthan Royals,Bought
Obed Mccoy,2022,"?75,00,000 crore",Rajasthan Royals,Bought
K.C Cariappa,2022,"?30,00,000 crore",Rajasthan Royals,Bought
Anunay Singh,2022,"?20,00,000 crore",Rajasthan Royals,Bought
Dhruv Jurel,2022,"?20,00,000 crore",Rajasthan Royals,Bought
Kuldeep Sen,2022,0.2 crore,Rajasthan Royals,Bought
Kuldeep Sen,2022,"?20,00,000 crore",Rajasthan Royals,Bought
Kuldip Yadav,2022,"?20,00,000 crore",Rajasthan Royals,Bought
Shubham Garhwal,2022,"?20,00,000 crore",Rajasthan Royals,Bought
Tejas Baroka,2022,"?20,00,000 crore",Rajasthan Royals,Bought
Chris morris,2021,16.25 crore,Rajasthan Royals,Bought
Christopher Morris,2021,"16,25,00,000 crore",Rajasthan Royals,Unsold
Ben stokes,2021,12.5 crore,Rajasthan Royals,Retained
Sanju samson,2021,8 crore,Rajasthan Royals,Retained
Jos Buttler,2021,4.4 crore,Rajasthan Royals,Retained
Shivam dube,2021,4.4 crore,Rajasthan Royals,Bought
Shivam Dube,2021,"4,40,00,000 crore",Rajasthan Royals,Unsold
Rahul tewatia,2021,3 crore,Rajasthan Royals,Retained
Riyan parag,2021,1.3 crore,Rajasthan Royals,Retained
Chetan Sakariya,2021,1.2 crore,Rajasthan Royals,Bought
Mustafizur rahman,2021,1 crore,Rajasthan Royals,Bought
Mustafizur Rahman,2021,"1,00,00,000 crore",Rajasthan Royals,Unsold
Liam Livingstone,2021,"75,00,000 crore",Rajasthan Royals,Unsold
Akash Singh,2021,"20,00,000 crore",Rajasthan Royals,Unsold
K.C Cariappa,2021,"20,00,000 crore",Rajasthan Royals,Unsold
Kuldip Yadav,2021,"20,00,000 crore",Rajasthan Royals,Unsold
Manan vohra,2021,0.2 crore,Rajasthan Royals,Bought
Shreyas gopal,2021,0.2 crore,Rajasthan Royals,Retained
Steven smith,2020,12.5 crore,Rajasthan Royals,Retained
Sanju samson,2020,8 crore,Rajasthan Royals,Retained
Jofra Archer,2020,7.2 crore,Rajasthan Royals,Retained
Mikyle Louis,2020,4.4 crore,Rajasthan Royals,Retained
Ankit rajpoot,2020,3 crore,Rajasthan Royals,Bought
Jaydev unadkat,2020,3 crore,Rajasthan Royals,Bought
Rahul tewatia,2020,3 crore,Rajasthan Royals,Bought
Robin uthappa,2020,3 crore,Rajasthan Royals,Bought
Yashasvi Jaiswal,2020,2.4 crore,Rajasthan Royals,Bought
Mayank markande,2020,2 crore,Rajasthan Royals,Bought
Kartik Tyagi,2020,1.3 crore,Rajasthan Royals,Bought
Andrew tye,2020,1 crore,Rajasthan Royals,Bought
Tom curran,2020,1 crore,Rajasthan Royals,Bought
Mohammad Ali,2020,0.8 crore,Rajasthan Royals,Bought
Shreyas gopal,2020,0.8 crore,Rajasthan Royals,Retained
David Miller,2020,0.75 crore,Rajasthan Royals,Bought
Oshane thomas,2020,0.5 crore,Rajasthan Royals,Bought
Malsha Tharupathi,2020,0.3 crore,Rajasthan Royals,Bought
Mahipal lomror,2020,0.2 crore,Rajasthan Royals,Bought
Manan vohra,2020,0.2 crore,Rajasthan Royals,Bought
Pat Cummins,2020,0.2 crore,Rajasthan Royals,Bought
Pathum Kumara,2020,0.2 crore,Rajasthan Royals,Bought
Riyan parag,2020,0.2 crore,Rajasthan Royals,Retained
Ben stokes,2020,0 crore,Rajasthan Royals,Retained
Varun aaron,2020,0 crore,Rajasthan Royals,Bought
Ben stokes,2019,12.5 crore,Rajasthan Royals,Retained
Jaydev unadkat,2019,8.4 crore,Rajasthan Royals,Bought
Sanju samson,2019,8 crore,Rajasthan Royals,Retained
Jofra Archer,2019,7.2 crore,Rajasthan Royals,Retained
Krishnappa gowtham,2019,6.2 crore,Rajasthan Royals,Bought
Jos Buttler,2019,4.4 crore,Rajasthan Royals,Retained
Ajinkya rahane,2019,4 crore,Rajasthan Royals,Retained
Steven smith,2019,4 crore,Rajasthan Royals,Retained
Rahul tripathi,2019,3.4 crore,Rajasthan Royals,Retained
Varun aaron,2019,2.4 crore,Rajasthan Royals,Bought
Oshane thomas,2019,1.1 crore,Rajasthan Royals,Bought
Dhawal kulkarni,2019,0.75 crore,Rajasthan Royals,Bought
Ashton turner,2019,0.5 crore,Rajasthan Royals,Bought
Liam Livingstone,2019,0.5 crore,Rajasthan Royals,Bought
Stuart Binny,2019,0.5 crore,Rajasthan Royals,Bought
Mahipal lomror,2019,0.2 crore,Rajasthan Royals,Bought
Prashant chopra,2019,0.2 crore,Rajasthan Royals,Bought
Riyan parag,2019,0.2 crore,Rajasthan Royals,Bought
Shreyas gopal,2019,0.2 crore,Rajasthan Royals,Retained
Sudhesan midhun,2019,0.2 crore,Rajasthan Royals,Bought
Ish sodhi,2019,0 crore,Rajasthan Royals,Bought
Ben stokes,2018,12.5 crore,Rajasthan Royals,Bought
Jaydev unadkat,2018,11.5 crore,Rajasthan Royals,Bought
Sanju samson,2018,8 crore,Rajasthan Royals,Bought
Jofra Archer,2018,7.2 crore,Rajasthan Royals,Bought
Krishnappa gowtham,2018,6.2 crore,Rajasthan Royals,Bought
Jos Buttler,2018,4.4 crore,Rajasthan Royals,Retained
Ajinkya rahane,2018,4 crore,Rajasthan Royals,Retained
Rahul tripathi,2018,3.4 crore,Rajasthan Royals,Bought
Dhawal kulkarni,2018,0.75 crore,Rajasthan Royals,Bought
Ben laughlin,2018,0.5 crore,Rajasthan Royals,Bought
Heinrich Klaasen,2018,0.5 crore,Rajasthan Royals,Bought
Ish sodhi,2018,0.5 crore,Rajasthan Royals,Bought
Stuart Binny,2018,0.5 crore,Rajasthan Royals,Bought
Anureet Singh,2018,0.3 crore,Rajasthan Royals,Bought
Ankit sharma,2018,0.2 crore,Rajasthan Royals,Bought
Mahipal lomror,2018,0.2 crore,Rajasthan Royals,Bought
Prashant chopra,2018,0.2 crore,Rajasthan Royals,Bought
Shreyas gopal,2018,0.2 crore,Rajasthan Royals,Bought
Virat kohli,2025,21 crore,Royal Challengers Bangalore,Retained
Josh Hazlewood,2025,12.5 crore,Royal Challengers Bangalore,Bought
Phil Salt,2025,11.5 crore,Royal Challengers Bangalore,Bought
Jitesh Sharma,2025,11 crore,Royal Challengers Bangalore,Bought
Rajat Patidar,2025,11 crore,Royal Challengers Bangalore,Retained
Bhuvneshwar kumar,2025,10.75 crore,Royal Challengers Bangalore,Bought
Liam Livingstone,2025,8.75 crore,Royal Challengers Bangalore,Bought
Rasikh dar,2025,6 crore,Royal Challengers Bangalore,Bought
Krunal pandya,2025,5.75 crore,Royal Challengers Bangalore,Bought
Yash Dayal,2025,5 crore,Royal Challengers Bangalore,Retained
Tim David,2025,3 crore,Royal Challengers Bangalore,Bought
Suyash Sharma,2025,2.6 crore,Royal Challengers Bangalore,Bought
Devdutt Padikkal,2025,2 crore,Royal Challengers Bangalore,Bought
Cameron Green,2024,17.5 crore,Royal Challengers Bangalore,Bought
Virat kohli,2024,15 crore,Royal Challengers Bangalore,Retained
Alzarri joseph,2024,11.5 crore,Royal Challengers Bangalore,Bought
Glenn maxwell,2024,11 crore,Royal Challengers Bangalore,Retained
Faf du Plessis,2024,7 crore,Royal Challengers Bangalore,Retained
Mohammed siraj,2024,7 crore,Royal Challengers Bangalore,Retained
Dinesh karthik,2024,5.5 crore,Royal Challengers Bangalore,Retained
Mohammad Ali,2024,3.4 crore,Royal Challengers Bangalore,Retained
Yash Dayal,2024,3.2 crore,Royal Challengers Bangalore,Bought
Lockie ferguson,2024,2 crore,Royal Challengers Bangalore,Bought
Saurav Chauhan,2024,2 crore,Royal Challengers Bangalore,Bought
Mayank dagar,2024,1.8 crore,Royal Challengers Bangalore,Bought
Mahipal lomror,2024,0.95 crore,Royal Challengers Bangalore,Retained
Vijaykumar Vyshak,2024,0.75 crore,Royal Challengers Bangalore,Bought
Karn sharma,2024,0.5 crore,Royal Challengers Bangalore,Retained
Suyash Prabhudessai,2024,0.3 crore,Royal Challengers Bangalore,Retained
Akash Deep,2024,0.2 crore,Royal Challengers Bangalore,Retained
Himanshu Sharma,2024,0.2 crore,Royal Challengers Bangalore,Bought
Manoj Bhandage,2024,0.2 crore,Royal Challengers Bangalore,Bought
Rajan Kumar,2024,0.2 crore,Royal Challengers Bangalore,Bought
Rajat Patidar,2024,0.2 crore,Royal Challengers Bangalore,Retained
Swapnil singh,2024,0.2 crore,Royal Challengers Bangalore,Retained
Tom curran,2024,0 crore,Royal Challengers Bangalore,Bought
Virat kohli,2023,15 crore,Royal Challengers Bangalore,Retained
Glenn maxwell,2023,11 crore,Royal Challengers Bangalore,Retained
Harshal patel,2023,10.75 crore,Royal Challengers Bangalore,Retained
Wanindu Hasaranga,2023,10.75 crore,Royal Challengers Bangalore,Retained
Josh Hazlewood,2023,7.75 crore,Royal Challengers Bangalore,Retained
Faf du Plessis,2023,7 crore,Royal Challengers Bangalore,Retained
Mohammed siraj,2023,7 crore,Royal Challengers Bangalore,Retained
Dinesh karthik,2023,5.5 crore,Royal Challengers Bangalore,Retained
Mohammad Ali,2023,3.4 crore,Royal Challengers Bangalore,Bought
Shahbaz Ahmed,2023,2.4 crore,Royal Challengers Bangalore,Retained
David willey,2023,2 crore,Royal Challengers Bangalore,Retained
Reece Topley,2023,1.9 crore,Royal Challengers Bangalore,Bought
Kedar jadhav,2023,1 crore,Royal Challengers Bangalore,Bought
Michael Bracewell,2023,1 crore,Royal Challengers Bangalore,Bought
Mahipal lomror,2023,0.95 crore,Royal Challengers Bangalore,Retained
Karn sharma,2023,0.5 crore,Royal Challengers Bangalore,Bought
Suyash Prabhudessai,2023,0.3 crore,Royal Challengers Bangalore,Retained
Akash Deep,2023,0.2 crore,Royal Challengers Bangalore,Bought
Sonu Yadav,2023,0.2 crore,Royal Challengers Bangalore,Bought
Vijaykumar Vyshak,2023,0.2 crore,Royal Challengers Bangalore,Bought
Wayne Parnell,2023,0 crore,Royal Challengers Bangalore,Bought
Virat kohli,2022,15 crore,Royal Challengers Bangalore,Retained
Glenn maxwell,2022,11 crore,Royal Challengers Bangalore,Retained
Harshal patel,2022,10.75 crore,Royal Challengers Bangalore,Bought
Harshal Patel,2022,"?10,75,00,000 crore",Royal Challengers Bangalore,Bought
Wanindu Hasaranga,2022,10.75 crore,Royal Challengers Bangalore,Bought
Wanindu Hasaranga,2022,"?10,75,00,000 crore",Royal Challengers Bangalore,Bought
Josh Hazlewood,2022,7.75 crore,Royal Challengers Bangalore,Bought
Faf du Plessis,2022,7 crore,Royal Challengers Bangalore,Bought
Faf Du Plessis,2022,"?7,00,00,000 crore",Royal Challengers Bangalore,Bought
Mohammed siraj,2022,7 crore,Royal Challengers Bangalore,Retained
Dinesh karthik,2022,5.5 crore,Royal Challengers Bangalore,Bought
Dinesh Karthik,2022,"?5,50,00,000 crore",Royal Challengers Bangalore,Bought
Anuj Rawat,2022,"?3,40,00,000 crore",Royal Challengers Bangalore,Bought
Mohammad Ali,2022,3.4 crore,Royal Challengers Bangalore,Bought
Shahbaz Ahamad,2022,"?2,40,00,000 crore",Royal Challengers Bangalore,Bought
Shahbaz Ahmed,2022,2.4 crore,Royal Challengers Bangalore,Bought
David willey,2022,2 crore,Royal Challengers Bangalore,Bought
David Willey,2022,"?2,00,00,000 crore",Royal Challengers Bangalore,Bought
Sherfane rutherford,2022,1 crore,Royal Challengers Bangalore,Bought
Sherfane Rutherford,2022,"?1,00,00,000 crore",Royal Challengers Bangalore,Bought
Mahipal Lomror,2022,"?95,00,000 crore",Royal Challengers Bangalore,Bought
Finn Allen,2022,"?80,00,000 crore",Royal Challengers Bangalore,Bought
Jason Behrendorff,2022,"?75,00,000 crore",Royal Challengers Bangalore,Bought
Siddharth Kaul,2022,"?75,00,000 crore",Royal Challengers Bangalore,Bought
Karn Sharma,2022,"?50,00,000 crore",Royal Challengers Bangalore,Bought
Suyash Prabhudessai,2022,0.3 crore,Royal Challengers Bangalore,Bought
Suyash Prabhudessai,2022,"?30,00,000 crore",Royal Challengers Bangalore,Bought
Chama Milind,2022,"?25,00,000 crore",Royal Challengers Bangalore,Bought
Akash Deep,2022,0.2 crore,Royal Challengers Bangalore,Bought
Aneeshwar Gautam,2022,"?20,00,000 crore",Royal Challengers Bangalore,Bought
Luvnith Sisodia,2022,"?20,00,000 crore",Royal Challengers Bangalore,Bought
Virat kohli,2021,17 crore,Royal Challengers Bangalore,Retained
Kyle Jamieson,2021,15 crore,Royal Challengers Bangalore,Bought
Kyle Jamieson,2021,"15,00,00,000 crore",Royal Challengers Bangalore,Unsold
Glenn maxwell,2021,14.25 crore,Royal Challengers Bangalore,Bought
Glenn Maxwell,2021,"14,25,00,000 crore",Royal Challengers Bangalore,Unsold
Ab de villiers,2021,11 crore,Royal Challengers Bangalore,Retained
Harshal patel,2021,10.75 crore,Royal Challengers Bangalore,Bought
Yuzvendra chahal,2021,6.00 crore,Royal Challengers Bangalore,Retained
Dan Christian,2021,"4,80,00,000 crore",Royal Challengers Bangalore,Unsold
Daniel christian,2021,4.8 crore,Royal Challengers Bangalore,Bought
Washington sundar,2021,3.2 crore,Royal Challengers Bangalore,Retained
Mohammed siraj,2021,2.6 crore,Royal Challengers Bangalore,Retained
Shahbaz Ahmed,2021,2.4 crore,Royal Challengers Bangalore,Bought
Kona Srikar Bharat,2021,"20,00,000 crore",Royal Challengers Bangalore,Unsold
Mohammed Azharudeen,2021,"20,00,000 crore",Royal Challengers Bangalore,Unsold
Rajat Patidar,2021,0.2 crore,Royal Challengers Bangalore,Bought
Sachin Baby,2021,"20,00,000 crore",Royal Challengers Bangalore,Unsold
Suyash Prabhudesai,2021,"20,00,000 crore",Royal Challengers Bangalore,Unsold
Virat kohli,2020,17 crore,Royal Challengers Bangalore,Retained
Ab de villiers,2020,11 crore,Royal Challengers Bangalore,Retained
Ronan Herrmann,2020,10 crore,Royal Challengers Bangalore,Bought
Yuzvendra chahal,2020,6 crore,Royal Challengers Bangalore,Retained
Shivam dube,2020,5 crore,Royal Challengers Bangalore,Bought
Aaron Finch,2020,4.4 crore,Royal Challengers Bangalore,Bought
Umesh yadav,2020,4.2 crore,Royal Challengers Bangalore,Retained
Kane richardson,2020,4 crore,Royal Challengers Bangalore,Bought
Washington sundar,2020,3.2 crore,Royal Challengers Bangalore,Retained
Navdeep saini,2020,3 crore,Royal Challengers Bangalore,Retained
Thomas Kaber,2020,2.6 crore,Royal Challengers Bangalore,Retained
Dale steyn,2020,2 crore,Royal Challengers Bangalore,Bought
Moeen Ali,2020,1.7 crore,Royal Challengers Bangalore,Retained
Pawan negi,2020,1 crore,Royal Challengers Bangalore,Bought
Gurkeerat singh,2020,0.5 crore,Royal Challengers Bangalore,Bought
Nqabayomzi Peter,2020,0.5 crore,Royal Challengers Bangalore,Bought
Devdutt Padikkal,2020,0.2 crore,Royal Challengers Bangalore,Retained
Keith Dudgeon,2020,0.2 crore,Royal Challengers Bangalore,Bought
Kwena Maphaka,2020,0.2 crore,Royal Challengers Bangalore,Bought
Patrick Kruger,2020,0.2 crore,Royal Challengers Bangalore,Bought
Kyle Simmonds,2020,0 crore,Royal Challengers Bangalore,Bought
Virat kohli,2019,17 crore,Royal Challengers Bangalore,Retained
Ab de villiers,2019,11 crore,Royal Challengers Bangalore,Retained
Marcus Stoinis,2019,6.2 crore,Royal Challengers Bangalore,Bought
Yuzvendra chahal,2019,6 crore,Royal Challengers Bangalore,Retained
Shivam dube,2019,5 crore,Royal Challengers Bangalore,Bought
Shimron hetmyer,2019,4.2 crore,Royal Challengers Bangalore,Bought
Umesh yadav,2019,4.2 crore,Royal Challengers Bangalore,Retained
Akshdeep nath,2019,3.6 crore,Royal Challengers Bangalore,Bought
Washington sundar,2019,3.2 crore,Royal Challengers Bangalore,Retained
Navdeep saini,2019,3 crore,Royal Challengers Bangalore,Bought
Mohammed siraj,2019,2.6 crore,Royal Challengers Bangalore,Retained
Colin de grandhomme,2019,2.2 crore,Royal Challengers Bangalore,Bought
Moeen Ali,2019,1.7 crore,Royal Challengers Bangalore,Retained
Parthiv patel,2019,1.7 crore,Royal Challengers Bangalore,Retained
Prayas ray barman,2019,1.5 crore,Royal Challengers Bangalore,Bought
Dale steyn,2019,1 crore,Royal Challengers Bangalore,Bought
Pawan negi,2019,1 crore,Royal Challengers Bangalore,Bought
Tim southee,2019,1 crore,Royal Challengers Bangalore,Retained
Kulwant khejroliya,2019,0.85 crore,Royal Challengers Bangalore,Bought
Gurkeerat singh,2019,0.5 crore,Royal Challengers Bangalore,Bought
Heinrich Klaasen,2019,0.5 crore,Royal Challengers Bangalore,Bought
Milind Kumar,2019,0.2 crore,Royal Challengers Bangalore,Bought
Virat kohli,2018,17 crore,Royal Challengers Bangalore,Retained
Ab de villiers,2018,11 crore,Royal Challengers Bangalore,Retained
Chris woakes,2018,7.4 crore,Royal Challengers Bangalore,Bought
Yuzvendra chahal,2018,6 crore,Royal Challengers Bangalore,Retained
Umesh yadav,2018,4.2 crore,Royal Challengers Bangalore,Bought
Brendon mccullum,2018,3.6 crore,Royal Challengers Bangalore,Bought
Washington sundar,2018,3.2 crore,Royal Challengers Bangalore,Bought
Quinton de Kock,2018,2.8 crore,Royal Challengers Bangalore,Bought
Mohammed siraj,2018,2.6 crore,Royal Challengers Bangalore,Bought
Colin de grandhomme,2018,2.2 crore,Royal Challengers Bangalore,Bought
Murugan ashwin,2018,2.2 crore,Royal Challengers Bangalore,Bought
Corey anderson,2018,2 crore,Royal Challengers Bangalore,Bought
Sarfaraz khan,2018,1.75 crore,Royal Challengers Bangalore,Retained
Moeen Ali,2018,1.7 crore,Royal Challengers Bangalore,Bought
Mandeep singh,2018,1.4 crore,Royal Challengers Bangalore,Bought
Manan vohra,2018,1.1 crore,Royal Challengers Bangalore,Bought
Pawan negi,2018,1 crore,Royal Challengers Bangalore,Bought
Tim southee,2018,1 crore,Royal Challengers Bangalore,Bought
Kulwant khejroliya,2018,0.85 crore,Royal Challengers Bangalore,Bought
Parthiv patel,2018,0.2 crore,Royal Challengers Bangalore,Bought
Kagiso Rabada,2022,9.25 crore,Kings XI Punjab,Bought
Jonny bairstow,2022,6.75 crore,Kings XI Punjab,Bought
Vaibhav Arora,2022,2 crore,Kings XI Punjab,Bought
Jitesh Sharma,2022,0.2 crore,Kings XI Punjab,Bought
Jhye Richardson,2021,14 crore,Kings XI Punjab,Bought
Lokesh rahul,2021,11 crore,Kings XI Punjab,Retained
Riley Meredith,2021,8 crore,Kings XI Punjab,Bought
Shahrukh Khan,2021,5.25 crore,Kings XI Punjab,Bought
Mohammad shami,2021,4.8 crore,Kings XI Punjab,Retained
Deepak hooda,2021,4.2 crore,Kings XI Punjab,Bought
Nicholas Pooran,2021,4.2 crore,Kings XI Punjab,Retained
Chris gayle,2021,2 crore,Kings XI Punjab,Retained
Simran singh,2021,0.6 crore,Kings XI Punjab,Retained
Arshdeep singh,2021,0.2 crore,Kings XI Punjab,Retained
Murugan ashwin,2021,0.2 crore,Kings XI Punjab,Bought
Lokesh rahul,2020,11 crore,Kings XI Punjab,Retained
Glenn maxwell,2020,10.75 crore,Kings XI Punjab,Bought
Isitha Wijesundara,2020,8.5 crore,Kings XI Punjab,Bought
Colin Archibald,2020,6.2 crore,Kings XI Punjab,Bought
Karun nair,2020,5.6 crore,Kings XI Punjab,Retained
Mohammad shami,2020,4.8 crore,Kings XI Punjab,Bought
Simran singh,2020,4.8 crore,Kings XI Punjab,Retained
Nicholas Pooran,2020,4.2 crore,Kings XI Punjab,Bought
Chris jordan,2020,3.00 crore,Kings XI Punjab,Bought
Chris gayle,2020,2 crore,Kings XI Punjab,Bought
Harpreet brar,2020,2 crore,Kings XI Punjab,Bought
Ravi Bishnoi,2020,2 crore,Kings XI Punjab,Bought
Mayank agarwal,2020,1 crore,Kings XI Punjab,Bought
Hardus Viljoen,2020,0.75 crore,Kings XI Punjab,Bought
Simran singh,2020,0.55 crore,Kings XI Punjab,Bought
Deepak hooda,2020,0.5 crore,Kings XI Punjab,Bought
Harry Dixon,2020,0.5 crore,Kings XI Punjab,Bought
Mandeep singh,2020,0.5 crore,Kings XI Punjab,Bought
Christopher King,2020,0.3 crore,Kings XI Punjab,Retained
Sarfaraz khan,2020,0.25 crore,Kings XI Punjab,Retained
Arshdeep singh,2020,0.2 crore,Kings XI Punjab,Retained
Heath Richards,2020,0.2 crore,Kings XI Punjab,Bought
Iain Carlisle,2020,0.2 crore,Kings XI Punjab,Bought
Jagadeesha suchith,2020,0.2 crore,Kings XI Punjab,Bought
Murugan ashwin,2020,0.2 crore,Kings XI Punjab,Bought
Lokesh rahul,2019,11 crore,Kings XI Punjab,Retained
Varun chakravarthy,2019,8.4 crore,Kings XI Punjab,Bought
Ravichandran ashwin,2019,7.6 crore,Kings XI Punjab,Retained
Andrew tye,2019,7.2 crore,Kings XI Punjab,Retained
Sam Curran,2019,7.2 crore,Kings XI Punjab,Bought
Karun nair,2019,5.6 crore,Kings XI Punjab,Retained
Mohammad shami,2019,4.8 crore,Kings XI Punjab,Bought
Simran singh,2019,4.8 crore,Kings XI Punjab,Bought
Nicholas Pooran,2019,4.2 crore,Kings XI Punjab,Bought
Ankit rajpoot,2019,3 crore,Kings XI Punjab,Bought
David Miller,2019,3 crore,Kings XI Punjab,Bought
Murugan ashwin,2019,2.2 crore,Kings XI Punjab,Bought
Chris gayle,2019,2 crore,Kings XI Punjab,Retained
Hardus Viljoen,2019,2 crore,Kings XI Punjab,Bought
Mayank agarwal,2019,1 crore,Kings XI Punjab,Bought
Moises henriques,2019,1 crore,Kings XI Punjab,Bought
Sarfaraz khan,2019,0.25 crore,Kings XI Punjab,Bought
Harpreet brar,2019,0.2 crore,Kings XI Punjab,Bought
Arshdeep singh,2019,0 crore,Kings XI Punjab,Bought
Mandeep singh,2019,0 crore,Kings XI Punjab,Bought
Axar patel,2018,12.5 crore,Kings XI Punjab,Retained
Lokesh rahul,2018,11 crore,Kings XI Punjab,Bought
Ravichandran ashwin,2018,7.6 crore,Kings XI Punjab,Bought
Andrew tye,2018,7.2 crore,Kings XI Punjab,Bought
Aaron Finch,2018,6.2 crore,Kings XI Punjab,Bought
Marcus Stoinis,2018,6.2 crore,Kings XI Punjab,Retained
Karun nair,2018,5.6 crore,Kings XI Punjab,Bought
Mujeeb zadran,2018,4 crore,Kings XI Punjab,Bought
Ankit rajpoot,2018,3 crore,Kings XI Punjab,Bought
David Miller,2018,3 crore,Kings XI Punjab,Retained
Mohit sharma,2018,2.4 crore,Kings XI Punjab,Bought
Brainder sran,2018,2.2 crore,Kings XI Punjab,Bought
Chris gayle,2018,2 crore,Kings XI Punjab,Bought
Yuvraj singh,2018,2 crore,Kings XI Punjab,Bought
Mayank dagar,2018,1.6 crore,Kings XI Punjab,Bought
Akshdeep nath,2018,1 crore,Kings XI Punjab,Bought
Manoj tiwary,2018,1 crore,Kings XI Punjab,Bought
Mayank agarwal,2018,1 crore,Kings XI Punjab,Bought
Heinrich Klaasen,2025,23 crore,Sunrisers Hyderabad,Retained
Patrick cummins,2025,18 crore,Sunrisers Hyderabad,Retained
Abhishek sharma,2025,14 crore,Sunrisers Hyderabad,Retained
Travis head,2025,14 crore,Sunrisers Hyderabad,Retained
Ishan kishan,2025,11.25 crore,Sunrisers Hyderabad,Bought
Mohammad shami,2025,10 crore,Sunrisers Hyderabad,Bought
Harshal patel,2025,8 crore,Sunrisers Hyderabad,Bought
Nitish Kumar Reddy,2025,6 crore,Sunrisers Hyderabad,Retained
Abhinav Manohar,2025,3.2 crore,Sunrisers Hyderabad,Bought
Rahul chahar,2025,3.2 crore,Sunrisers Hyderabad,Bought
Adam zampa,2025,2.4 crore,Sunrisers Hyderabad,Bought
Simarjeet Singh,2025,1.5 crore,Sunrisers Hyderabad,Bought
Atharva Taide,2025,0.3 crore,Sunrisers Hyderabad,Bought
Patrick cummins,2024,20 crore,Sunrisers Hyderabad,Bought
Heinrich Klaasen,2024,9.5 crore,Sunrisers Hyderabad,Retained
Washington sundar,2024,8.75 crore,Sunrisers Hyderabad,Retained
Rahul tripathi,2024,8.5 crore,Sunrisers Hyderabad,Retained
Mayank agarwal,2024,8.25 crore,Sunrisers Hyderabad,Retained
Travis head,2024,6.8 crore,Sunrisers Hyderabad,Bought
Abhishek sharma,2024,6.5 crore,Sunrisers Hyderabad,Retained
Fazalhaq Farooqi,2024,5.0 crore,Sunrisers Hyderabad,Bought
Bhuvneshwar kumar,2024,4.2 crore,Sunrisers Hyderabad,Retained
Abdul Samad,2024,4 crore,Sunrisers Hyderabad,Retained
T natarajan,2024,4 crore,Sunrisers Hyderabad,Retained
Nitish Kumar Reddy,2024,3 crore,Sunrisers Hyderabad,Bought
Aiden Markram,2024,2.6 crore,Sunrisers Hyderabad,Retained
Sanvir Singh,2024,2 crore,Sunrisers Hyderabad,Bought
Upendra Yadav,2024,2 crore,Sunrisers Hyderabad,Bought
Jaydev unadkat,2024,1.6 crore,Sunrisers Hyderabad,Bought
Glenn Phillips,2024,1.5 crore,Sunrisers Hyderabad,Retained
Mayank markande,2024,1.50 crore,Sunrisers Hyderabad,Bought
Pathum Kumara,2024,1.3 crore,Sunrisers Hyderabad,Bought
Shahbaz Ahmed,2024,1.0 crore,Sunrisers Hyderabad,Bought
Anmolpreet singh,2024,0.8 crore,Sunrisers Hyderabad,Bought
Jhathavedh Subramanyan,2024,0.2 crore,Sunrisers Hyderabad,Bought
Harry Brook,2023,13.25 crore,Sunrisers Hyderabad,Bought
Washington sundar,2023,8.75 crore,Sunrisers Hyderabad,Retained
Rahul tripathi,2023,8.5 crore,Sunrisers Hyderabad,Retained
Mayank agarwal,2023,8.25 crore,Sunrisers Hyderabad,Bought
Abhishek sharma,2023,6.5 crore,Sunrisers Hyderabad,Retained
Heinrich Klaasen,2023,5.25 crore,Sunrisers Hyderabad,Bought
Bhuvneshwar kumar,2023,4.2 crore,Sunrisers Hyderabad,Retained
Abdul Samad,2023,4 crore,Sunrisers Hyderabad,Retained
Kartik Tyagi,2023,4 crore,Sunrisers Hyderabad,Bought
T natarajan,2023,4 crore,Sunrisers Hyderabad,Retained
Umran Malik,2023,4 crore,Sunrisers Hyderabad,Retained
Aiden Markram,2023,2.6 crore,Sunrisers Hyderabad,Bought
Vivrant Sharma,2023,2.6 crore,Sunrisers Hyderabad,Bought
Adil Rashid,2023,2 crore,Sunrisers Hyderabad,Bought
Mayank dagar,2023,1.8 crore,Sunrisers Hyderabad,Bought
Glenn Phillips,2023,1.5 crore,Sunrisers Hyderabad,Retained
Akeal Hosein,2023,1 crore,Sunrisers Hyderabad,Bought
Fazal Haque,2023,0.50 crore,Sunrisers Hyderabad,Bought
Marco Jansen,2023,0.5 crore,Sunrisers Hyderabad,Retained
Mayank markande,2023,0.5 crore,Sunrisers Hyderabad,Bought
Anmolpreet singh,2023,0.2 crore,Sunrisers Hyderabad,Bought
Nitish Kumar Reddy,2023,0.2 crore,Sunrisers Hyderabad,Bought
Sanvir Singh,2023,0.2 crore,Sunrisers Hyderabad,Bought
Kane williamson,2022,14 crore,Sunrisers Hyderabad,Retained
Nicholas Pooran,2022,10.75 crore,Sunrisers Hyderabad,Bought
Washington sundar,2022,8.75 crore,Sunrisers Hyderabad,Bought
Washington Sundar,2022,"?8,75,00,000 crore",Sunrisers Hyderabad,Bought
Rahul tripathi,2022,8.5 crore,Sunrisers Hyderabad,Bought
Rahul Tripathi,2022,"?8,50,00,000 crore",Sunrisers Hyderabad,Bought
Romario Shepherd,2022,7.75 crore,Sunrisers Hyderabad,Bought
Abhishek sharma,2022,6.5 crore,Sunrisers Hyderabad,Retained
Abhishek Sharma,2022,"?6,50,00,000 crore",Sunrisers Hyderabad,Bought
Bhuvneshwar kumar,2022,4.2 crore,Sunrisers Hyderabad,Retained
Bhuvneshwar Kumar,2022,"?4,20,00,000 crore",Sunrisers Hyderabad,Bought
Marco Jansen,2022,4.2 crore,Sunrisers Hyderabad,Bought
Abdul Samad,2022,4 crore,Sunrisers Hyderabad,Retained
Kartik Tyagi,2022,"?4,00,00,000 crore",Sunrisers Hyderabad,Bought
T natarajan,2022,4 crore,Sunrisers Hyderabad,Bought
T. Natarajan,2022,"?4,00,00,000 crore",Sunrisers Hyderabad,Bought
Umran Malik,2022,4 crore,Sunrisers Hyderabad,Retained
Aiden Markram,2022,2.6 crore,Sunrisers Hyderabad,Bought
Sean Abbott,2022,"?2,40,00,000 crore",Sunrisers Hyderabad,Bought
Glenn Phillips,2022,"?1,50,00,000 crore",Sunrisers Hyderabad,Bought
Shreyas Gopal,2022,"?75,00,000 crore",Sunrisers Hyderabad,Bought
Fazalhaq Farooqi,2022,"?50,00,000 crore",Sunrisers Hyderabad,Bought
Vishnu Vinod,2022,"?50,00,000 crore",Sunrisers Hyderabad,Bought
Jagadeesha Suchith,2022,"?20,00,000 crore",Sunrisers Hyderabad,Bought
Malsha Tharupathi,2022,0.2 crore,Sunrisers Hyderabad,Bought
Priyam Garg,2022,"?20,00,000 crore",Sunrisers Hyderabad,Bought
R Samarth,2022,"?20,00,000 crore",Sunrisers Hyderabad,Bought
Saurabh Dubey,2022,"?20,00,000 crore",Sunrisers Hyderabad,Bought
Shashank Singh,2022,"?20,00,000 crore",Sunrisers Hyderabad,Bought
David warner,2021,12.5 crore,Sunrisers Hyderabad,Retained
Manish pandey,2021,11 crore,Sunrisers Hyderabad,Retained
Rashid Khan,2021,9 crore,Sunrisers Hyderabad,Retained
Bhuvneshwar kumar,2021,8 crore,Sunrisers Hyderabad,Retained
T natarajan,2021,4 crore,Sunrisers Hyderabad,Retained
Kane williamson,2021,3 crore,Sunrisers Hyderabad,Retained
Vijay shankar,2021,2.1 crore,Sunrisers Hyderabad,Retained
Kedar Jadhav,2021,"2,00,00,000 crore",Sunrisers Hyderabad,Unsold
Mujeeb Zadran,2021,"1,50,00,000 crore",Sunrisers Hyderabad,Unsold
Wriddhiman saha,2021,1.2 crore,Sunrisers Hyderabad,Retained
Mohammad nabi,2021,1 crore,Sunrisers Hyderabad,Bought
J Suchith,2021,"30,00,000 crore",Sunrisers Hyderabad,Unsold
Abdul Samad,2021,0.2 crore,Sunrisers Hyderabad,Retained
Sandeep sharma,2021,0.2 crore,Sunrisers Hyderabad,Retained
Jonny bairstow,2021,0 crore,Sunrisers Hyderabad,Retained
David warner,2020,12.5 crore,Sunrisers Hyderabad,Retained
Manish pandey,2020,11 crore,Sunrisers Hyderabad,Retained
Rashid Khan,2020,9 crore,Sunrisers Hyderabad,Retained
Bhuvneshwar kumar,2020,8.5 crore,Sunrisers Hyderabad,Retained
T natarajan,2020,4 crore,Sunrisers Hyderabad,Bought
Siddarth kaul,2020,3.8 crore,Sunrisers Hyderabad,Retained
Vijay shankar,2020,3.2 crore,Sunrisers Hyderabad,Retained
Kane williamson,2020,3 crore,Sunrisers Hyderabad,Retained
Khaleel ahmed,2020,3 crore,Sunrisers Hyderabad,Retained
Jonny bairstow,2020,2.2 crore,Sunrisers Hyderabad,Retained
Mitchell marsh,2020,2 crore,Sunrisers Hyderabad,Bought
Priyam Garg,2020,1.9 crore,Sunrisers Hyderabad,Bought
Ranesh Silva,2020,1.9 crore,Sunrisers Hyderabad,Bought
Wriddhiman saha,2020,1.2 crore,Sunrisers Hyderabad,Bought
Mohammad nabi,2020,1 crore,Sunrisers Hyderabad,Retained
Shreevats goswami,2020,1 crore,Sunrisers Hyderabad,Bought
Basil thampi,2020,0.95 crore,Sunrisers Hyderabad,Bought
Abhishek sharma,2020,0.55 crore,Sunrisers Hyderabad,Retained
Billy stanlake,2020,0.5 crore,Sunrisers Hyderabad,Bought
Fabian Allen,2020,0.5 crore,Sunrisers Hyderabad,Bought
Shahbaz nadeem,2020,0.5 crore,Sunrisers Hyderabad,Bought
Sandeep sharma,2020,0.3 crore,Sunrisers Hyderabad,Retained
Abdul Samad,2020,0.2 crore,Sunrisers Hyderabad,Bought
Ryan John,2020,0.2 crore,Sunrisers Hyderabad,Bought
Saad Bin Zafar,2020,0.2 crore,Sunrisers Hyderabad,Bought
David warner,2019,12.5 crore,Sunrisers Hyderabad,Retained
Manish pandey,2019,11 crore,Sunrisers Hyderabad,Retained
Rashid Khan,2019,9 crore,Sunrisers Hyderabad,Retained
Bhuvneshwar kumar,2019,8.5 crore,Sunrisers Hyderabad,Retained
Deepak hooda,2019,5.4 crore,Sunrisers Hyderabad,Bought
Siddarth kaul,2019,3.8 crore,Sunrisers Hyderabad,Retained
Shahbaz nadeem,2019,3.2 crore,Sunrisers Hyderabad,Bought
Vijay shankar,2019,3.2 crore,Sunrisers Hyderabad,Bought
Kane williamson,2019,3 crore,Sunrisers Hyderabad,Retained
Khaleel ahmed,2019,3 crore,Sunrisers Hyderabad,Bought
Sandeep sharma,2019,3 crore,Sunrisers Hyderabad,Retained
Jonny bairstow,2019,2.2 crore,Sunrisers Hyderabad,Bought
Shakib al hasan,2019,2 crore,Sunrisers Hyderabad,Retained
Yusuf Pathan,2019,1.9 crore,Sunrisers Hyderabad,Bought
Wriddhiman saha,2019,1.2 crore,Sunrisers Hyderabad,Bought
Martin guptill,2019,1 crore,Sunrisers Hyderabad,Bought
Mohammad nabi,2019,1 crore,Sunrisers Hyderabad,Retained
Basil thampi,2019,0.95 crore,Sunrisers Hyderabad,Retained
Abhishek sharma,2019,0.55 crore,Sunrisers Hyderabad,Bought
Ricky bhui,2019,0.2 crore,Sunrisers Hyderabad,Bought
Manish pandey,2018,11 crore,Sunrisers Hyderabad,Bought
Rashid Khan,2018,9 crore,Sunrisers Hyderabad,Retained
Bhuvneshwar kumar,2018,8.5 crore,Sunrisers Hyderabad,Retained
Shikhar dhawan,2018,5.2 crore,Sunrisers Hyderabad,Retained
Wriddhiman saha,2018,5 crore,Sunrisers Hyderabad,Bought
Siddarth kaul,2018,3.8 crore,Sunrisers Hyderabad,Bought
Deepak hooda,2018,3.6 crore,Sunrisers Hyderabad,Bought
Kane williamson,2018,3 crore,Sunrisers Hyderabad,Retained
Khaleel ahmed,2018,3 crore,Sunrisers Hyderabad,Bought
Sandeep sharma,2018,3 crore,Sunrisers Hyderabad,Bought
Carlos brathwaite,2018,2 crore,Sunrisers Hyderabad,Bought
Chris jordan,2018,2 crore,Sunrisers Hyderabad,Bought
Shakib al hasan,2018,2 crore,Sunrisers Hyderabad,Bought
Yusuf Pathan,2018,1.9 crore,Sunrisers Hyderabad,Bought
Alex hales,2018,1 crore,Sunrisers Hyderabad,Bought
Mohammad nabi,2018,1 crore,Sunrisers Hyderabad,Bought
Shreevats goswami,2018,1 crore,Sunrisers Hyderabad,Bought
Basil thampi,2018,0.95 crore,Sunrisers Hyderabad,Bought
Billy stanlake,2018,0.5 crore,Sunrisers Hyderabad,Bought
Ricky bhui,2018,0.2 crore,Sunrisers Hyderabad,Bought
